####
#
# OBJ File Generated by Meshlab
#
####
# Object Bunny.obj
#
# Vertices: 2503
# Faces: 5002
#
####
v -0.0034102 0.1303196 0.0217544
v -0.0817192 0.1525014 0.0296561
v -0.0305435 0.1247789 0.0010983
v -0.0249016 0.1121114 0.0375602
v -0.0184057 0.1784306 -0.0242196
v 0.0190679 0.1214492 0.0319684
v 0.0060412 0.1249436 0.0326529
v -0.0134690 0.1629936 -0.0120000
v -0.0343932 0.1723669 -0.0009821
v -0.0843142 0.1095726 0.0037097
v -0.0422335 0.1721157 -0.0041800
v -0.0633084 0.1566062 -0.0138388
v -0.0769039 0.1670803 -0.0269314
v -0.0722539 0.1153955 0.0516703
v 0.0129813 0.1136637 0.0383030
v -0.0378573 0.1701010 0.0014236
v 0.0048689 0.0379624 0.0458676
v -0.0571805 0.0409188 0.0463013
v -0.0452091 0.0388391 0.0445038
v -0.0337615 0.1261788 0.0017132
v -0.0502423 0.1577375 0.0093945
v -0.0212169 0.1588794 -0.0046924
v -0.0564729 0.1577841 0.0081787
v -0.0528021 0.0413199 0.0461698
v -0.0499603 0.0431020 0.0444627
v -0.0297488 0.0365399 0.0524933
v -0.0035439 0.0426598 0.0475415
v 0.0049305 0.0419827 0.0457234
v -0.0390882 0.1687202 -0.0119247
v -0.0569010 0.0454370 0.0432370
v -0.0412449 0.0430989 0.0421296
v -0.0264720 0.0450345 0.0512195
v -0.0218670 0.0440229 0.0532438
v -0.0369962 0.1689930 0.0013256
v -0.0672166 0.1617134 -0.0137337
v 0.0497601 0.0702352 0.0237320
v -0.0491866 0.0464112 0.0411700
v -0.0445904 0.0437980 0.0426855
v -0.0436865 0.0471545 0.0402863
v -0.0224920 0.0465136 0.0518853
v -0.0065174 0.0450362 0.0475028
v 0.0003770 0.0449358 0.0465199
v 0.0340239 0.1135388 0.0245953
v -0.0264679 0.1810425 -0.0080812
v -0.0175335 0.0479642 0.0488296
v -0.0070013 0.0464165 0.0474855
v 0.0059862 0.0466891 0.0490736
v 0.0091007 0.0484745 0.0493532
v -0.0354537 0.1124477 0.0350554
v -0.0759832 0.1382080 0.0492166
v 0.0348384 0.0431534 0.0289543
v -0.0526556 0.0484942 0.0387312
v -0.0473789 0.0484567 0.0391268
v -0.0389338 0.0463643 0.0403648
v -0.0264689 0.0478164 0.0493226
v -0.0223658 0.0480736 0.0501265
v -0.0133734 0.0478924 0.0478838
v -0.0121935 0.0494703 0.0494845
v -0.0006336 0.0471931 0.0491369
v 0.0020657 0.0501047 0.0522902
v -0.0227493 0.0498839 0.0466055
v -0.0180021 0.0499179 0.0469480
v -0.0078037 0.0501693 0.0509887
v -0.0026844 0.0512474 0.0531868
v -0.0638757 0.1614009 -0.0200642
v 0.0324340 0.0453340 0.0303168
v -0.0880646 0.1249676 0.0005741
v -0.0415037 0.1674851 0.0032766
v -0.0644570 0.1534289 -0.0051180
v -0.0343032 0.0505202 0.0382860
v -0.0229494 0.0510206 0.0439265
v -0.0143547 0.0544282 0.0507103
v 0.0013773 0.0523027 0.0531490
v 0.0036285 0.0531986 0.0534227
v 0.0080724 0.0515741 0.0517736
v -0.0726659 0.1300558 0.0516682
v 0.0379928 0.0497932 0.0319020
v 0.0384973 0.0480624 0.0317375
v 0.0215035 0.1256399 0.0212526
v -0.0764813 0.1482741 -0.0089376
v -0.0872404 0.1196721 -0.0001781
v -0.0437200 0.1682274 0.0023425
v -0.0406522 0.1226651 0.0262903
v -0.0466862 0.0545707 0.0375874
v -0.0440717 0.0510583 0.0389778
v -0.0381441 0.0505996 0.0393022
v -0.0198758 0.0516077 0.0461420
v -0.0169112 0.0518436 0.0484593
v -0.0162492 0.0542921 0.0503069
v -0.0104465 0.0536860 0.0519586
v -0.0043091 0.0544675 0.0539083
v 0.0078153 0.0550507 0.0527502
v 0.0379551 0.1048871 -0.0032032
v -0.0790038 0.1285055 0.0531493
v -0.0797790 0.1344889 0.0509903
v -0.0591297 0.1503971 0.0344895
v -0.0656918 0.1496182 0.0381610
v -0.0319517 0.1251839 0.0194006
v -0.0693726 0.1606178 -0.0091905
v -0.0452255 0.1293546 0.0203775
v -0.0418791 0.0561644 0.0397967
v -0.0306148 0.0544127 0.0366943
v -0.0247876 0.0526062 0.0408398
v -0.0215889 0.0568369 0.0454670
v -0.0002426 0.0545360 0.0546412
v -0.0809005 0.1255871 0.0521554
v -0.0299962 0.1781114 -0.0052358
v 0.0355154 0.0504496 0.0314398
v 0.0433155 0.0521455 0.0324921
v -0.0639385 0.1526270 0.0344811
v -0.0444894 0.0610777 0.0395453
v -0.0389799 0.0579963 0.0401514
v -0.0790877 0.1704449 -0.0413732
v -0.0046247 0.0577597 0.0539907
v -0.0014985 0.0559255 0.0546308
v 0.0051982 0.0570180 0.0534235
v 0.0000309 0.1231575 0.0347497
v 0.0335683 0.1152372 0.0217984
v 0.0386863 0.0564506 0.0311889
v -0.0343858 0.0540960 0.0380603
v -0.0085308 0.0601594 0.0553089
v -0.0004402 0.0583434 0.0544834
v -0.0910787 0.1150604 0.0401418
v 0.0407755 0.0545575 0.0320147
v 0.0456369 0.0574026 0.0319922
v 0.0203588 0.1244875 0.0259063
v -0.0141697 0.1276789 0.0013081
v -0.0119876 0.0574932 0.0527524
v 0.0032514 0.0598286 0.0554643
v -0.0123952 0.1226473 0.0335883
v 0.0138138 0.1232219 0.0325026
v -0.0770043 0.1552128 0.0245348
v -0.0280014 0.0610754 0.0374712
v -0.0008548 0.0605935 0.0558248
v -0.0380502 0.1152707 0.0331785
v -0.0162313 0.1238294 0.0295770
v -0.0253736 0.1584001 -0.0014801
v -0.0678186 0.1545435 0.0302337
v -0.0043083 0.0614186 0.0556885
v -0.0031959 0.1191252 0.0383496
v -0.0064292 0.1220109 0.0357409
v 0.0423130 0.0590991 0.0308484
v 0.0485100 0.0617808 0.0303473
v 0.0504123 0.0603126 0.0302451
v -0.0391856 0.0630745 0.0413829
v -0.0344487 0.0607805 0.0395440
v -0.0147460 0.0655839 0.0537309
v 0.0026645 0.0627000 0.0565252
v -0.0139916 0.1196257 0.0362515
v 0.0196592 0.1123622 0.0375453
v -0.0325972 0.1749873 -0.0025953
v -0.0021514 0.0994374 0.0498497
v -0.0560014 0.0618307 0.0279312
v -0.0547073 0.0634616 0.0316706
v -0.0513079 0.0605217 0.0314349
v -0.0419793 0.0696300 0.0418249
v -0.0302725 0.0624747 0.0379822
v -0.0113879 0.0647425 0.0549180
v 0.0069545 0.0647001 0.0555991
v 0.0430151 0.0976910 0.0010258
v 0.0406359 0.0615749 0.0298412
v 0.0461836 0.0619101 0.0302234
v 0.0375530 0.1068529 0.0263035
v -0.0786407 0.1638724 -0.0283878
v -0.0619962 0.1476148 -0.0043257
v -0.0057500 0.0654890 0.0561734
v 0.0002537 0.0657412 0.0565693
v -0.0205426 0.1197952 0.0330037
v 0.0043156 0.1278256 0.0286469
v -0.0465496 0.0676521 0.0396358
v -0.0174206 0.0696595 0.0540895
v -0.0152422 0.0709099 0.0550048
v -0.0102829 0.0689264 0.0552896
v -0.0001129 0.0692882 0.0565798
v -0.0363093 0.1187694 0.0306740
v -0.0703258 0.0633678 0.0198092
v 0.0430231 0.0637958 0.0280392
v 0.0428311 0.0855560 0.0278738
v 0.0169816 0.1271500 0.0229315
v -0.0421215 0.1282510 0.0010751
v 0.0163292 0.1225189 0.0313754
v -0.0812642 0.1538117 0.0258978
v -0.0322579 0.0881926 -0.0251310
v -0.0137750 0.0708880 0.0546956
v 0.0052930 0.0680060 0.0556705
v 0.0076962 0.0723756 0.0560622
v 0.0034831 0.1200264 0.0369119
v 0.0066533 0.1167356 0.0387163
v 0.0460866 0.0664739 0.0268090
v 0.0523273 0.0643271 0.0282819
v -0.0618976 0.1229706 -0.0087726
v -0.0063935 0.1052447 -0.0228419
v -0.0352183 0.0685598 0.0413815
v -0.0326899 0.0677297 0.0401244
v -0.0292454 0.0695515 0.0393690
v -0.0050025 0.0696550 0.0568925
v 0.0165740 0.1189015 0.0350423
v -0.0893851 0.0990240 0.0175218
v 0.0457192 0.0694894 0.0235493
v 0.0545372 0.0687967 0.0245177
v -0.0449895 0.0715773 0.0419292
v -0.0042439 0.1291490 0.0258292
v -0.0738801 0.1209164 0.0533958
v -0.0740339 0.1440689 0.0449950
v 0.0504000 0.0672925 0.0268515
v -0.0540569 0.1567160 -0.0024866
v 0.0261481 0.1201473 0.0273080
v -0.0107365 0.1299029 0.0109938
v -0.0450788 0.0872611 -0.0218655
v -0.0383409 0.0688438 0.0418465
v -0.0292556 0.0751692 0.0411864
v -0.0473112 0.1629604 0.0060740
v -0.0118660 0.0731838 0.0562501
v -0.0063735 0.0721843 0.0579730
v -0.0029935 0.0721864 0.0581672
v -0.0257811 0.0937782 -0.0283882
v -0.0166926 0.1156855 0.0378532
v -0.0841234 0.1083205 0.0247310
v -0.0742941 0.1635685 -0.0155342
v -0.0942971 0.1261774 0.0192246
v -0.0352071 0.1250522 0.0216357
v -0.0494959 0.0734363 0.0416736
v -0.0330642 0.0766548 0.0412779
v -0.0073157 0.0739196 0.0579717
v 0.0000219 0.0734960 0.0576967
v 0.0041934 0.0729152 0.0562987
v -0.0772561 0.1456585 0.0431229
v 0.0410733 0.0887243 -0.0097879
v 0.0374187 0.1085082 0.0003397
v -0.0551114 0.0746878 0.0419397
v -0.0427402 0.0769953 0.0428041
v -0.0685312 0.1563005 0.0209977
v -0.0099440 0.0763431 0.0573886
v -0.0032479 0.0757107 0.0587146
v 0.0134144 0.0930737 0.0514678
v -0.0735044 0.0938833 -0.0147517
v -0.0744718 0.1350748 0.0506889
v -0.0258513 0.1218295 0.0260797
v -0.0340229 0.1759708 -0.0037272
v -0.0754059 0.1683907 -0.0267930
v -0.0366584 0.0750873 0.0420069
v -0.0177955 0.0774862 0.0560872
v -0.0113787 0.0798772 0.0576989
v -0.0001041 0.0768820 0.0581907
v 0.0027381 0.0791057 0.0567192
v 0.0055681 0.0763971 0.0563272
v -0.0618959 0.1542425 -0.0190186
v -0.0726470 0.1409894 0.0469766
v 0.0157997 0.1290142 0.0132369
v -0.0117034 0.0973557 0.0515921
v -0.0589222 0.0775455 0.0429614
v -0.0531213 0.0779124 0.0433349
v -0.0507457 0.0761484 0.0431376
v -0.0474018 0.0755503 0.0426301
v -0.0450556 0.0787963 0.0423413
v -0.0395176 0.0781278 0.0429186
v -0.0152456 0.0829408 0.0569346
v -0.0145578 0.0765822 0.0564932
v -0.0059406 0.0790382 0.0579698
v 0.0371765 0.1106440 0.0188113
v 0.0023930 0.1316271 0.0119551
v -0.0936442 0.1178938 0.0186621
v -0.0639398 0.0786218 0.0420835
v -0.0453765 0.0823836 0.0432821
v -0.0365055 0.0811523 0.0431623
v -0.0332443 0.0822666 0.0418522
v -0.0308006 0.0800684 0.0417981
v -0.0020578 0.0809983 0.0575538
v 0.0081848 0.0807562 0.0553745
v -0.0129534 0.1159358 0.0389202
v -0.0780815 0.1235194 0.0521370
v -0.0265809 0.1556769 -0.0041963
v -0.0824716 0.1162413 -0.0023236
v -0.0275385 0.0799648 0.0476972
v 0.0012556 0.0838456 0.0574464
v 0.0061508 0.0834062 0.0564635
v -0.0624332 0.0840353 0.0442031
v -0.0598672 0.0805405 0.0432771
v -0.0552383 0.0819995 0.0449848
v -0.0540004 0.0805684 0.0446015
v -0.0500270 0.0813113 0.0442642
v -0.0419961 0.0810837 0.0424562
v -0.0393579 0.0836314 0.0435023
v -0.0861615 0.1083859 0.0182449
v -0.0867230 0.0999172 0.0035537
v -0.0224137 0.0832835 0.0555907
v -0.0169932 0.0825558 0.0575239
v -0.0124060 0.0852226 0.0572678
v -0.0074442 0.1169342 0.0392838
v -0.0021452 0.1114329 0.0424366
v -0.0757182 0.1252273 0.0530873
v -0.0770567 0.1319347 0.0524624
v -0.0611210 0.1556966 0.0225170
v -0.0375385 0.1274413 0.0153209
v -0.0020517 0.1009347 0.0456259
v -0.0649922 0.0845509 0.0441201
v -0.0578620 0.0839444 0.0441860
v -0.0456811 0.0849880 0.0441595
v -0.0350226 0.0828882 0.0429128
v -0.0299820 0.0854023 0.0437451
v -0.0888923 0.0992091 0.0095703
v -0.0191353 0.0834748 0.0572174
v -0.0834897 0.1072473 0.0007579
v -0.0701128 0.1179035 0.0527142
v -0.0355263 0.1759556 -0.0048676
v -0.0708314 0.1225443 0.0532749
v 0.0451338 0.0936307 0.0062337
v -0.0536167 0.0853468 0.0453325
v -0.0490008 0.0862217 0.0453520
v -0.0367449 0.0860837 0.0436129
v -0.0108726 0.0888268 0.0566655
v -0.0038450 0.0847878 0.0571980
v -0.0490201 0.1177129 0.0315814
v -0.0429144 0.1183599 0.0306450
v -0.0576845 0.1556170 0.0129831
v -0.0254117 0.1247253 0.0001289
v 0.0190122 0.1273620 0.0177866
v -0.0594986 0.0888455 0.0451093
v -0.0569310 0.0881015 0.0446929
v 0.0035766 0.1313898 0.0072086
v -0.0166833 0.0872667 0.0567412
v -0.0084981 0.0839905 0.0576052
v 0.0035078 0.0863395 0.0570483
v -0.0283987 0.1807065 -0.0078469
v -0.0765658 0.1167404 0.0514893
v 0.0178694 0.0908986 0.0487129
v -0.0403421 0.1166955 0.0324602
v 0.0059106 0.1314093 0.0168237
v -0.0857776 0.0917014 -0.0000470
v -0.0503722 0.0888447 0.0451880
v -0.0444341 0.0876545 0.0434776
v -0.0420564 0.0867115 0.0425346
v -0.0330585 0.0861855 0.0425604
v -0.0292419 0.0904534 0.0442366
v -0.0068964 0.0844329 0.0571686
v -0.0066211 0.0904152 0.0568798
v -0.0012439 0.0890932 0.0565521
v 0.0094076 0.0903281 0.0542141
v 0.0401948 0.1023160 -0.0020049
v -0.0862271 0.1146684 0.0022102
v -0.0894955 0.0956324 0.0142348
v -0.0671322 0.1570945 -0.0062032
v -0.0529356 0.0909135 0.0445689
v -0.0367449 0.0888869 0.0433121
v -0.0136261 0.0897879 0.0566744
v 0.0233371 0.1235345 0.0248741
v -0.0370538 0.1271509 0.0003547
v -0.0736967 0.1561301 0.0143598
v -0.0655924 0.0910424 0.0440921
v -0.0589974 0.0920307 0.0453353
v -0.0332389 0.0885736 0.0436970
v -0.0318350 0.0907230 0.0441735
v -0.0200222 0.0880321 0.0555894
v -0.0112138 0.0923664 0.0561053
v 0.0391084 0.1082907 0.0131423
v 0.0286757 0.1195960 0.0245459
v -0.0689402 0.1565278 -0.0019716
v -0.0626151 0.0911269 0.0450907
v 0.0304446 0.1188644 0.0208218
v -0.0152411 0.0918217 0.0558172
v -0.0056222 0.0932350 0.0558936
v 0.0047990 0.0916548 0.0547152
v -0.0682824 0.0923768 0.0423887
v -0.0556237 0.0921874 0.0450550
v -0.0519010 0.0954576 0.0439376
v -0.0488090 0.0910839 0.0444567
v -0.0454116 0.0910021 0.0432528
v -0.0445146 0.0948604 0.0429725
v -0.0394303 0.0895976 0.0431779
v -0.0356422 0.0926174 0.0442385
v -0.0001225 0.0932012 0.0553984
v 0.0095105 0.0954839 0.0509106
v 0.0214417 0.0913550 0.0480434
v -0.0089830 0.1692645 -0.0226835
v -0.0730191 0.1560210 0.0224193
v -0.0647604 0.1531159 -0.0020371
v -0.0693685 0.0952428 0.0421290
v -0.0601171 0.0955529 0.0441838
v -0.0292417 0.0942904 0.0448212
v -0.0265614 0.0932895 0.0449754
v -0.0143940 0.0945876 0.0539935
v -0.0088692 0.0954003 0.0544460
v -0.0012189 0.0962017 0.0538159
v 0.0040479 0.0958174 0.0529368
v -0.0046019 0.1242854 0.0334720
v -0.0784365 0.1392801 0.0483294
v 0.0107746 0.1307916 0.0143417
v -0.0566237 0.0963222 0.0436679
v -0.0362989 0.0956956 0.0435803
v -0.0243799 0.0958664 0.0444345
v 0.0109155 0.1263363 0.0298570
v -0.0058623 0.0973502 0.0527437
v 0.0169735 0.0971066 0.0474409
v -0.0672320 0.0991739 0.0415939
v -0.0549942 0.0996408 0.0429552
v -0.0486180 0.0964527 0.0441831
v -0.0553690 0.1544248 0.0161607
v -0.0942435 0.1220743 0.0235685
v 0.0132430 0.0967382 0.0487502
v 0.0206393 0.0966025 0.0469710
v 0.0073430 0.1209819 0.0359734
v -0.0134939 0.1288244 0.0059691
v -0.0201106 0.1250454 0.0235883
v -0.0694385 0.1647993 -0.0172187
v -0.0640280 0.0978387 0.0425653
v -0.0519964 0.0997078 0.0427166
v -0.0439909 0.0994255 0.0423834
v -0.0397382 0.1021536 0.0405744
v -0.0359315 0.0998100 0.0423358
v -0.0308676 0.0969147 0.0446514
v -0.0283421 0.0977827 0.0437613
v -0.0256226 0.0987134 0.0442109
v -0.0852366 0.1107736 0.0245377
v 0.0071936 0.0988595 0.0484195
v 0.0096509 0.1010878 0.0473731
v 0.0134871 0.1007642 0.0474543
v 0.0077390 0.1314750 0.0116830
v 0.0008090 0.1163332 0.0401676
v -0.0726526 0.1656792 -0.0182125
v -0.0056009 0.1307667 0.0105161
v -0.0263037 0.1251888 0.0173930
v -0.0475904 0.1008118 0.0423491
v -0.0414608 0.0985448 0.0417786
v -0.0335821 0.1038391 0.0407380
v -0.0228702 0.1028474 0.0435448
v -0.0223620 0.0982076 0.0447659
v -0.0188705 0.0989732 0.0444893
v -0.0714337 0.0775735 0.0380608
v -0.0730011 0.1182671 0.0530346
v -0.0684664 0.1349815 -0.0083360
v -0.0746838 0.1078610 -0.0090477
v -0.0649590 0.1585202 -0.0125953
v -0.0789317 0.1509306 0.0351519
v -0.0741135 0.0994425 0.0383377
v -0.0704569 0.1009878 0.0397941
v -0.0590588 0.1004126 0.0427251
v -0.0491873 0.1045201 0.0403014
v -0.0291512 0.1019737 0.0426331
v -0.0115997 0.1010781 0.0441917
v 0.0051450 0.1016391 0.0454230
v -0.0514957 0.1049674 0.0403472
v -0.0202182 0.1021439 0.0437012
v 0.0042516 0.1052374 0.0425636
v 0.0168328 0.1033749 0.0452873
v -0.0256611 0.1256267 0.0045538
v -0.0721420 0.1053668 0.0375232
v -0.0649846 0.1037155 0.0406478
v -0.0606525 0.1046720 0.0409064
v -0.0553090 0.1036539 0.0415167
v -0.0442432 0.1043173 0.0413400
v -0.0155133 0.1043613 0.0429194
v -0.0076323 0.1030453 0.0437106
v -0.0078047 0.1051662 0.0438255
v 0.0097163 0.1052351 0.0436038
v 0.0303004 0.1155365 0.0286850
v -0.0474969 0.1063566 0.0401656
v -0.0389789 0.1068304 0.0382477
v -0.0258693 0.1042671 0.0422075
v -0.0180579 0.1050392 0.0428028
v -0.0151800 0.1080775 0.0423504
v -0.0038982 0.1056617 0.0440472
v 0.0000268 0.1044673 0.0437759
v 0.0119783 0.1040363 0.0453963
v 0.0150050 0.1072690 0.0418120
v 0.0264881 0.1223029 0.0203981
v -0.0362256 0.1063424 0.0386449
v -0.0211268 0.1093229 0.0407153
v -0.0128198 0.1045710 0.0434657
v 0.0052848 0.1094367 0.0416750
v 0.0089404 0.1071064 0.0412434
v -0.0518397 0.1606204 0.0071421
v -0.0542014 0.1145173 0.0348440
v 0.0132263 0.1295807 0.0196896
v -0.0693824 0.1086579 0.0375078
v -0.0676910 0.1073415 0.0380184
v -0.0637824 0.1103727 0.0375798
v -0.0507494 0.1092868 0.0382976
v -0.0093936 0.1074281 0.0434546
v 0.0011760 0.1093253 0.0426628
v 0.0098020 0.1100399 0.0399454
v 0.0201313 0.1073278 0.0403238
v -0.0027873 0.1057753 -0.0224590
v -0.0549969 0.1077420 0.0394246
v -0.0459667 0.1090515 0.0387541
v -0.0423245 0.1073728 0.0394564
v -0.0321612 0.1089650 0.0381027
v -0.0307702 0.1159731 0.0328588
v -0.0116086 0.1098371 0.0424753
v -0.0294283 0.0931666 -0.0249319
v -0.0800436 0.0920802 -0.0094198
v -0.0497974 0.1134210 0.0351179
v -0.0437239 0.1619137 0.0057713
v -0.0579817 0.1094315 0.0379976
v -0.0414912 0.1122477 0.0358735
v -0.0249298 0.1159277 0.0340947
v -0.0208817 0.1140953 0.0378730
v -0.0075520 0.1118381 0.0420397
v 0.0037667 0.1124055 0.0414947
v -0.0628296 0.1518948 -0.0092373
v -0.0591960 0.1132080 0.0362347
v -0.0510791 0.0938928 -0.0217617
v -0.0739454 0.0843749 -0.0151545
v -0.0721462 0.1348643 -0.0077592
v -0.0194089 0.1704110 -0.0209948
v -0.0555305 0.1490553 -0.0019602
v 0.0166885 0.0369766 0.0430006
v -0.0522773 0.1177507 0.0337695
v -0.0692014 0.0930392 -0.0164861
v 0.0265792 0.1170244 0.0308679
v -0.0235743 0.0370369 0.0541448
v -0.0073775 0.0389884 0.0489294
v 0.0132347 0.0384531 0.0445015
v 0.0194873 0.0408093 0.0426411
v -0.0639539 0.1469473 0.0384842
v -0.0495795 0.0360965 0.0459554
v -0.0433237 0.0362864 0.0440424
v -0.0290472 0.1255634 0.0077618
v -0.0017343 0.0394768 0.0472629
v -0.0313581 0.1536220 -0.0046739
v 0.0025822 0.1074758 -0.0206060
v -0.0568023 0.1451467 0.0317403
v -0.0564643 0.0376831 0.0468196
v -0.0509648 0.0383123 0.0462861
v -0.0509804 0.1348661 0.0275850
v -0.0256474 0.0388607 0.0541614
v -0.0225421 0.0406158 0.0539860
v -0.0176180 0.0389112 0.0524034
v -0.0197117 0.1682914 -0.0130210
v 0.0237801 0.0952229 0.0463473
v 0.0147443 0.0427170 0.0445103
v 0.0216914 0.0401615 0.0408464
v -0.0640672 0.0901722 -0.0188555
v 0.0203192 0.1004196 0.0457605
v -0.0364250 0.0936307 -0.0235346
v -0.0149812 0.0425714 0.0514045
v -0.0573353 0.1234010 0.0402315
v -0.0541726 0.1233792 0.0375764
v 0.0226252 0.0436217 0.0409046
v 0.0288105 0.0433523 0.0321577
v -0.0427642 0.1572749 0.0052016
v 0.0092232 0.0441251 0.0450574
v 0.0150482 0.0457558 0.0437939
v -0.0637573 0.1025114 -0.0174844
v -0.0340704 0.1614898 -0.0137870
v -0.0821915 0.0756102 0.0165426
v -0.0662994 0.1233712 0.0506159
v -0.0155101 0.0452831 0.0506530
v 0.0189280 0.0442496 0.0430098
v 0.0258218 0.0463266 0.0382772
v 0.0272687 0.0445478 0.0361525
v -0.0453013 0.1569506 0.0072037
v 0.0238558 0.1061663 0.0393781
v 0.0216327 0.0481273 0.0406944
v 0.0437854 0.0488037 0.0313434
v 0.0480748 0.0489700 0.0281655
v 0.0526631 0.0476736 0.0212013
v -0.0527225 0.0447229 0.0441432
v -0.0300716 0.1725832 -0.0063598
v -0.0345080 0.1544747 0.0016505
v 0.0106297 0.0467118 0.0464720
v 0.0167434 0.0484390 0.0436786
v 0.0288271 0.0921334 0.0439201
v -0.0599371 0.1272619 0.0407713
v -0.0367521 0.1580207 0.0041862
v -0.0378854 0.1619972 0.0002469
v -0.0220478 0.1834859 -0.0120950
v -0.0243646 0.1809684 -0.0098312
v -0.0448823 0.1505296 0.0076452
v 0.0269968 0.0513178 0.0387520
v 0.0477358 0.0527510 0.0307973
v 0.0517038 0.0488574 0.0241480
v -0.0675044 0.1142409 0.0480361
v -0.0162575 0.1603125 -0.0096926
v -0.0639263 0.1679244 -0.0407304
v -0.0416653 0.1499614 0.0045405
v -0.0352032 0.1649355 -0.0026810
v 0.0413188 0.0994967 0.0242757
v 0.0140552 0.0525239 0.0485939
v 0.0194212 0.0513213 0.0447989
v 0.0236780 0.0514744 0.0410533
v 0.0342581 0.0519308 0.0327579
v 0.0559573 0.0531474 0.0231977
v -0.0399380 0.1492285 0.0016017
v -0.0469888 0.1260080 0.0269855
v -0.0277084 0.0900813 -0.0319115
v 0.0192046 0.0551665 0.0477221
v 0.0218860 0.0539276 0.0451025
v 0.0312863 0.0528638 0.0369136
v 0.0466612 0.0547192 0.0319768
v 0.0518237 0.0532767 0.0279270
v -0.0292649 0.1614042 -0.0021039
v -0.0687008 0.1446354 0.0430416
v -0.0560701 0.1500071 0.0298676
v 0.0447178 0.0948027 0.0120247
v -0.0418041 0.1558208 0.0064548
v -0.0683693 0.1228929 0.0524379
v -0.0641148 0.0955099 -0.0181146
v -0.0183831 0.1854366 -0.0171364
v 0.0117454 0.0566783 0.0519141
v -0.0593754 0.1199824 0.0405482
v 0.0590921 0.0579570 0.0202701
v 0.0435477 0.0973894 0.0173147
v -0.0262918 0.1596338 -0.0005184
v 0.0149048 0.0563504 0.0495228
v 0.0242862 0.0549586 0.0430868
v 0.0289526 0.0561252 0.0403890
v -0.0495078 0.1294950 0.0302593
v 0.0408248 0.0951702 0.0286579
v 0.0177748 0.0582438 0.0488647
v 0.0335738 0.0585153 0.0383110
v 0.0363850 0.0569965 0.0336015
v -0.0642050 0.1224389 0.0480083
v -0.0654245 0.1401128 0.0413090
v 0.0508013 0.0573081 0.0300014
v 0.0566717 0.0569708 0.0242919
v -0.0493499 0.1491352 0.0112741
v -0.0697606 0.1344285 0.0482652
v 0.0195371 0.0600038 0.0485761
v 0.0270139 0.0599528 0.0434544
v 0.0576794 0.0613930 0.0242018
v -0.0569165 0.1262351 0.0394266
v 0.0234693 0.1165626 0.0335373
v -0.0582986 0.1388550 0.0329375
v 0.0064598 0.0602974 0.0547800
v 0.0104060 0.0591624 0.0524844
v 0.0231839 0.0586544 0.0458711
v 0.0330404 0.0617738 0.0397814
v -0.0643482 0.1262809 0.0466502
v -0.0570314 0.1156201 0.0364949
v 0.0544516 0.0583429 0.0276530
v -0.0301344 0.1701132 -0.0073592
v -0.0370771 0.1598637 0.0016096
v -0.0560328 0.1373108 0.0319706
v -0.0676765 0.1415032 0.0438681
v 0.0099912 0.0627353 0.0540092
v 0.0145215 0.0613829 0.0505009
v 0.0300517 0.0621696 0.0415458
v 0.0375192 0.0610627 0.0343660
v 0.0539440 0.0613916 0.0282685
v 0.0591199 0.0631288 0.0215618
v -0.0243664 0.1769327 -0.0117196
v -0.0132534 0.1662715 -0.0141204
v 0.0392187 0.1066925 0.0204502
v -0.0179690 0.1807803 -0.0181034
v 0.0219024 0.0608760 0.0472824
v 0.0353418 0.0616300 0.0376060
v -0.0621456 0.1359978 0.0367010
v 0.0568206 0.0636911 0.0252861
v -0.0328000 0.1594870 0.0021963
v 0.0112121 0.0665841 0.0539822
v 0.0129196 0.0642036 0.0524411
v 0.0201269 0.0638513 0.0479197
v 0.0359718 0.0666696 0.0377814
v 0.0399069 0.0643613 0.0316867
v -0.0667024 0.1321060 0.0454809
v -0.0416014 0.1597800 0.0035375
v 0.0330446 0.1076625 0.0319161
v 0.0246721 0.0636945 0.0452046
v 0.0261087 0.0680076 0.0439027
v 0.0333639 0.0670548 0.0397295
v 0.0429158 0.0667077 0.0269947
v 0.0547150 0.0646972 0.0269797
v -0.0165309 0.1632500 -0.0092475
v -0.0178916 0.1611380 -0.0067073
v 0.0411181 0.0974913 -0.0039757
v 0.0233868 0.0700760 0.0470126
v 0.0381029 0.0656784 0.0351325
v 0.0101452 0.1222168 0.0347189
v 0.0583924 0.0667412 0.0219795
v 0.0383020 0.0845491 -0.0144788
v 0.0341264 0.0970540 0.0375904
v -0.0313557 0.1580989 0.0019129
v -0.0582595 0.1409949 0.0324406
v -0.0668172 0.1195152 0.0514902
v -0.0680900 0.1164705 0.0511512
v 0.0165683 0.0662699 0.0510099
v 0.0293629 0.0665098 0.0422894
v 0.0370272 0.0939496 -0.0116740
v 0.0564127 0.0676599 0.0239693
v -0.0612957 0.1451999 0.0371378
v 0.0083873 0.1133622 0.0397926
v 0.0118070 0.0709210 0.0542405
v 0.0297417 0.0706471 0.0416539
v 0.0362944 0.0712207 0.0371146
v 0.0398997 0.0702948 0.0327200
v -0.0627631 0.1377801 0.0366786
v -0.0158154 0.1750494 -0.0186542
v -0.0922690 0.1147516 0.0170174
v -0.0009496 0.1014111 0.0442901
v -0.0637129 0.1127425 0.0380068
v -0.0610960 0.1170165 0.0396540
v 0.0209919 0.0693355 0.0490035
v 0.0256585 0.0705505 0.0445399
v 0.0329786 0.0735007 0.0404865
v 0.0421561 0.0697176 0.0283182
v -0.0555169 0.1295607 0.0365985
v -0.0408023 0.1643606 0.0037449
v -0.0062547 0.1012165 0.0443220
v -0.0109868 0.1662120 -0.0160476
v -0.0303514 0.1644816 -0.0053291
v 0.0261109 0.1008899 0.0417333
v -0.0655999 0.1132950 0.0423187
v 0.0288147 0.0967127 0.0422577
v 0.0152633 0.0715719 0.0527174
v 0.0289824 0.0740885 0.0434472
v 0.0448725 0.0755167 0.0231552
v -0.0782252 0.1496248 -0.0025019
v -0.0460949 0.1529685 0.0090030
v -0.0523690 0.1468291 0.0189347
v -0.0215921 0.1576344 -0.0068624
v 0.0171768 0.0730662 0.0518266
v 0.0226875 0.0751492 0.0493125
v 0.0354720 0.0730767 0.0384823
v -0.0894808 0.1383998 0.0250615
v -0.0532167 0.1322198 0.0329784
v -0.0377768 0.1555195 0.0043701
v -0.0905494 0.1351188 0.0216806
v -0.0633666 0.1303708 0.0416699
v 0.0140743 0.0766517 0.0542214
v 0.0181098 0.0758066 0.0524883
v 0.0422099 0.0788615 0.0291872
v -0.0521159 0.1417991 0.0205103
v 0.0290631 0.1114960 0.0338058
v -0.0547315 0.1426723 0.0289805
v 0.0259036 0.0755360 0.0464167
v 0.0312988 0.0759074 0.0426991
v 0.0384462 0.0756494 0.0350506
v 0.0463517 0.0740795 0.0183543
v -0.0476566 0.1307752 0.0255236
v -0.0114474 0.1713106 -0.0196030
v -0.0366472 0.1664013 -0.0002817
v -0.0466535 0.1591782 0.0078019
v -0.0455699 0.1466361 0.0056514
v 0.0414389 0.0923651 -0.0074587
v -0.0642874 0.1346363 0.0399456
v -0.0611289 0.1317833 0.0389159
v -0.0478435 0.1221506 0.0288332
v -0.0495368 0.1249134 0.0317784
v -0.0711354 0.1381766 0.0478540
v 0.0101139 0.0764681 0.0552568
v 0.0178974 0.0795166 0.0527595
v 0.0217409 0.0802507 0.0504254
v 0.0252716 0.0787249 0.0480266
v 0.0308850 0.0789995 0.0433888
v -0.0624419 0.1408478 0.0369658
v -0.0621651 0.1566685 -0.0178378
v 0.0206573 0.1041683 0.0430047
v -0.0636028 0.1157145 0.0425723
v 0.0144240 0.0800855 0.0537556
v 0.0287793 0.0825533 0.0445274
v 0.0444501 0.0818469 0.0245529
v 0.0455420 0.0833384 0.0197008
v -0.0496658 0.1206380 0.0321633
v -0.0291773 0.1761996 -0.0056241
v -0.0582031 0.1327098 0.0369187
v 0.0389971 0.0970882 -0.0077799
v -0.0547258 0.1207126 0.0374514
v 0.0131891 0.0842112 0.0530658
v -0.0199263 0.1648974 -0.0099900
v 0.0201531 0.1184972 0.0342713
v -0.0558599 0.1177431 0.0372535
v 0.0180453 0.0836232 0.0512858
v -0.0637571 0.1591218 -0.0501557
v -0.0185276 0.1765320 -0.0170435
v 0.0287344 0.1036005 0.0380352
v 0.0414140 0.1028422 0.0165789
v 0.0244117 0.0980169 0.0446874
v 0.0209252 0.0863114 0.0494331
v 0.0304450 0.0849596 0.0430111
v 0.0330301 0.0837816 0.0416369
v 0.0369751 0.0798765 0.0371984
v -0.0777215 0.1135589 0.0481560
v 0.0292500 0.1065193 0.0365903
v -0.0530782 0.1375469 0.0282665
v -0.0629906 0.1199946 0.0452355
v -0.0653983 0.1175196 0.0487356
v 0.0333739 0.1122789 0.0277881
v 0.0384136 0.0874899 0.0351859
v -0.0619459 0.1647923 -0.0566477
v -0.0228765 0.1739281 -0.0134311
v 0.0437662 0.0883900 -0.0035709
v 0.0392915 0.1012597 0.0275505
v 0.0109362 0.0860273 0.0547327
v 0.0241087 0.0844926 0.0482923
v 0.0367584 0.0991955 0.0328377
v -0.0519416 0.1256599 0.0345879
v -0.0315821 0.1664185 -0.0057320
v 0.0076406 0.0864272 0.0561179
v 0.0167710 0.0886447 0.0505230
v 0.0344046 0.0869329 0.0405743
v 0.0361438 0.0844392 0.0379369
v 0.0412588 0.1036108 0.0026761
v 0.0247661 0.1108111 0.0367284
v -0.0226016 0.1625045 -0.0060717
v -0.0128937 0.1787904 -0.0226247
v -0.0249391 0.1703113 -0.0113297
v -0.0484686 0.1455961 0.0083661
v 0.0125345 0.0895939 0.0533946
v 0.0258729 0.0884823 0.0466553
v 0.0327565 0.0889691 0.0422155
v -0.0233436 0.1610345 -0.0031862
v -0.0925950 0.1194383 0.0268029
v -0.0743148 0.1376174 -0.0066699
v -0.0924992 0.1213150 0.0292562
v -0.0773783 0.1576427 -0.0141336
v -0.0929073 0.1230702 0.0365232
v 0.0284233 0.0880111 0.0442342
v 0.0352517 0.0908368 0.0391839
v 0.0157606 0.0932036 0.0499393
v 0.0387855 0.0949543 0.0325202
v -0.0615112 0.1237357 0.0430627
v -0.0681451 0.1274868 0.0501490
v -0.0206167 0.1823759 -0.0142991
v 0.0151372 0.1157150 0.0370320
v -0.0507183 0.1527630 0.0118167
v 0.0301687 0.1004869 0.0394047
v -0.0874265 0.0954695 0.0040312
v -0.0600104 0.1428446 0.0354497
v -0.0586033 0.1463724 0.0338088
v 0.0324116 0.0937361 0.0408902
v -0.0759178 0.1499769 -0.0168421
v 0.0185966 0.0352939 -0.0086782
v 0.0172098 0.0352594 -0.0146852
v 0.0443265 0.0908181 0.0220975
v 0.0383359 0.0388308 0.0030938
v 0.0221929 0.0367753 -0.0020919
v 0.0196360 0.0382340 -0.0125077
v 0.0236821 0.0397625 0.0371488
v 0.0466933 0.0424653 0.0065650
v 0.0216211 0.0376572 -0.0047022
v 0.0166386 0.0381961 -0.0198849
v -0.0902540 0.1136631 0.0377202
v -0.0905939 0.1137309 0.0102768
v -0.0625417 0.1767946 -0.0578218
v -0.0110919 0.1799208 -0.0259964
v -0.0622631 0.1521993 -0.0225789
v -0.0422768 0.0949826 -0.0225624
v 0.0432934 0.0418641 0.0020634
v 0.0437796 0.0445307 -0.0012623
v 0.0216970 0.0404273 -0.0094629
v -0.0111837 0.1645000 -0.0161517
v -0.0623726 0.1531304 -0.0289971
v -0.0092489 0.1772585 -0.0282702
v 0.0414774 0.0855094 -0.0091575
v -0.0812687 0.1087944 0.0294407
v 0.0495757 0.0438159 0.0145830
v 0.0529880 0.0477477 0.0050420
v 0.0219775 0.0428553 -0.0145362
v 0.0185057 0.0382941 -0.0171365
v -0.0351005 0.1520344 -0.0001328
v 0.0487491 0.0452650 0.0023024
v 0.0319129 0.0998701 -0.0146210
v -0.0142225 0.1616743 -0.0133491
v -0.0486636 0.1363852 0.0068064
v -0.0095837 0.1742610 -0.0283908
v 0.0528019 0.0465399 0.0104277
v 0.0514338 0.0484852 0.0010401
v 0.0239112 0.0980217 -0.0208073
v 0.0245671 0.0441301 -0.0108208
v 0.0203568 0.0436624 -0.0204563
v -0.0218824 0.1108742 -0.0196953
v -0.0538318 0.1498169 0.0250666
v 0.0541142 0.0477731 0.0174840
v 0.0567306 0.0505157 0.0106271
v 0.0459418 0.0481388 -0.0038716
v -0.0838178 0.1110909 0.0285245
v 0.0292078 0.0474502 -0.0085082
v 0.0284549 0.0480674 -0.0128472
v 0.0266373 0.0476071 -0.0164277
v 0.0220401 0.0449925 -0.0175285
v 0.0191201 0.0471677 -0.0221147
v -0.0157822 0.1007296 -0.0237241
v -0.0625142 0.1721312 -0.0527881
v -0.0623456 0.1474550 -0.0076600
v 0.0455982 0.0881517 0.0131241
v -0.0494226 0.1428352 0.0089728
v -0.0827619 0.1116234 0.0442215
v -0.0521662 0.1501366 0.0174487
v -0.0636167 0.1480137 -0.0201703
v -0.0514927 0.1379639 0.0236622
v -0.0615176 0.1751745 -0.0606317
v 0.0565249 0.0501257 0.0155645
v 0.0552579 0.0514163 0.0032063
v 0.0503181 0.0527864 -0.0034166
v -0.0626820 0.1674409 -0.0457139
v 0.0565201 0.0511799 0.0199406
v 0.0569080 0.0515781 0.0072538
v 0.0528542 0.0518987 -0.0006207
v -0.0389211 0.0337674 -0.0290426
v 0.0297407 0.0503247 -0.0139909
v -0.0687962 0.0351177 -0.0052067
v 0.0588260 0.0555038 0.0186479
v -0.0261606 0.1230999 -0.0044735
v -0.0533420 0.1440120 0.0242614
v 0.0581774 0.0528213 0.0151824
v 0.0597981 0.0568402 0.0133427
v 0.0545499 0.0560446 -0.0006616
v 0.0267755 0.0514234 -0.0202341
v -0.0086960 0.1729159 -0.0267088
v -0.0770396 0.0719670 0.0264051
v -0.0630699 0.1589747 -0.0429518
v 0.0357067 0.0560830 -0.0089993
v 0.0326004 0.0537075 -0.0110062
v 0.0297400 0.0525384 -0.0162250
v 0.0592385 0.0563628 0.0094531
v 0.0574218 0.0560122 0.0040246
v 0.0290630 0.0552106 -0.0180421
v -0.0172244 0.0952141 -0.0320853
v -0.0859114 0.1096879 0.0076582
v 0.0605949 0.0616772 0.0155916
v 0.0595316 0.0605046 0.0058397
v 0.0573065 0.0599446 0.0018886
v 0.0388294 0.0598398 -0.0064252
v 0.0306628 0.0573004 -0.0165184
v -0.0277621 0.1206854 -0.0090153
v -0.0881946 0.1031463 0.0175090
v 0.0607788 0.0616466 0.0104640
v 0.0359151 0.0599164 -0.0119665
v 0.0242519 0.0564575 -0.0242548
v -0.0619544 0.1686532 -0.0526212
v -0.0905579 0.1127599 0.0161410
v -0.0884692 0.1112429 0.0126792
v 0.0595580 0.0630993 0.0059471
v 0.0309404 0.0605181 -0.0181327
v -0.0935758 0.1247463 0.0262133
v -0.0931898 0.1201992 0.0379137
v -0.0092296 0.1731446 -0.0241977
v -0.0817395 0.0768613 0.0233136
v -0.0369928 0.1506393 -0.0020372
v 0.0600936 0.0656935 0.0185333
v 0.0598372 0.0664232 0.0085139
v 0.0407062 0.0644753 -0.0055920
v 0.0347459 0.0632613 -0.0146467
v -0.0618797 0.1600045 -0.0258063
v -0.0765378 0.1534487 -0.0128987
v 0.0381111 0.0648118 -0.0111420
v 0.0319093 0.0646570 -0.0184734
v -0.0831593 0.1467428 0.0030758
v -0.0870559 0.1056276 0.0097651
v -0.0714483 0.1810530 -0.0554786
v -0.0856321 0.1246109 -0.0027336
v 0.0607290 0.0658066 0.0139748
v 0.0399096 0.0681717 -0.0095698
v 0.0349818 0.0677408 -0.0156832
v -0.0918220 0.1274735 0.0364586
v -0.0624254 0.1636664 -0.0496673
v -0.0711690 0.1474016 -0.0275909
v -0.0503648 0.1371576 0.0019526
v -0.0504927 0.1415990 0.0162917
v 0.0598867 0.0685131 0.0161716
v -0.0614070 0.1726882 -0.0582657
v 0.0249907 0.0658973 -0.0235683
v -0.0748527 0.1499311 -0.0277529
v -0.0622257 0.0602652 0.0204493
v -0.0620019 0.0364350 0.0439189
v 0.0583746 0.0711864 0.0130727
v -0.0361250 0.1228669 -0.0082928
v 0.0292165 0.0678502 -0.0204186
v -0.0416817 0.1257511 -0.0070193
v -0.0742266 0.1643701 -0.0382403
v -0.0097846 0.1692849 -0.0247567
v -0.0895780 0.1207831 0.0035229
v -0.0623119 0.1637111 -0.0406240
v 0.0435148 0.0915199 -0.0026468
v -0.0484344 0.1375497 0.0132450
v -0.0893132 0.1365301 0.0304588
v -0.0742302 0.1565268 -0.0251671
v 0.0373786 0.0730934 -0.0126354
v 0.0263218 0.0702406 -0.0238787
v -0.0480236 0.1442665 0.0042499
v -0.0920196 0.1161153 0.0358427
v -0.0713055 0.0738990 0.0359698
v -0.0620593 0.1569781 -0.0337846
v -0.0097015 0.1673886 -0.0193602
v 0.0433421 0.0716761 -0.0022305
v 0.0417725 0.0695680 -0.0061596
v 0.0335054 0.0728099 -0.0170348
v 0.0296650 0.0715068 -0.0212823
v -0.0294602 0.1555026 -0.0011915
v -0.0863964 0.1047936 0.0059821
v -0.0549107 0.1466231 0.0284390
v 0.0442038 0.0852043 -0.0021171
v 0.0432644 0.0758105 -0.0038844
v 0.0130970 0.0911265 -0.0292698
v -0.0670692 0.0911446 -0.0174260
v -0.0908217 0.1227690 0.0060998
v 0.0456200 0.0746844 0.0026074
v -0.0930398 0.1202642 0.0112168
v 0.0446356 0.0927943 0.0178321
v -0.0112434 0.1645751 -0.0182408
v 0.0455112 0.0869531 0.0038865
v 0.0462527 0.0773739 0.0069141
v 0.0402816 0.0726371 -0.0092881
v 0.0432182 0.0994867 0.0050153
v -0.0511083 0.1452022 0.0142795
v 0.0446930 0.0926886 0.0022467
v 0.0434225 0.0918604 0.0245384
v 0.0407514 0.1055473 0.0075074
v -0.0856130 0.0962771 -0.0006651
v 0.0407215 0.0784755 -0.0082130
v 0.0355381 0.0760630 -0.0144348
v -0.0927365 0.1207310 0.0326927
v -0.0622785 0.1516660 -0.0146727
v 0.0449602 0.0809426 0.0006112
v 0.0378147 0.0796982 -0.0132896
v 0.0338645 0.0786567 -0.0176325
v -0.0910443 0.1419986 0.0217296
v -0.0740044 0.1781852 -0.0539163
v -0.0617687 0.1606796 -0.0340463
v -0.0497474 0.1411252 0.0052938
v 0.0410654 0.0904607 0.0298886
v -0.0729164 0.0650574 0.0187946
v -0.0909497 0.1389537 0.0173711
v 0.0428790 0.1009378 0.0094753
v -0.0724555 0.1761068 -0.0535354
v -0.0758629 0.1507130 -0.0090209
v -0.0852698 0.1026779 0.0013936
v -0.0770256 0.1139676 -0.0046168
v 0.0462809 0.0787020 0.0147863
v 0.0421069 0.0815332 -0.0066691
v 0.0365239 0.0819917 -0.0162296
v -0.0374202 0.0454285 -0.0242268
v -0.0851489 0.1396552 0.0024809
v -0.0633133 0.1650326 -0.0328951
v -0.0615914 0.1568157 -0.0259456
v 0.0459185 0.0870362 0.0084236
v 0.0446311 0.0841784 0.0008267
v -0.0448429 0.1462939 0.0017115
v -0.0641242 0.1795363 -0.0587304
v -0.0670703 0.1807268 -0.0566186
v -0.0647938 0.1788528 -0.0558833
v -0.0643710 0.1729621 -0.0492257
v -0.0703815 0.1807118 -0.0531726
v -0.0752693 0.1523295 0.0343741
v -0.0162731 0.1284451 0.0166836
v -0.0621161 0.1560079 0.0180344
v -0.0560108 0.1538166 0.0253693
v -0.0372779 0.1728907 -0.0008663
v -0.0741587 0.1798728 -0.0507948
v -0.0790400 0.1553745 0.0151418
v -0.0725055 0.1545953 0.0295888
v -0.0677382 0.1772887 -0.0503760
v -0.0075347 0.1002130 0.0474887
v -0.0595756 0.1547240 0.0263733
v -0.0773827 0.1534660 0.0308950
v -0.0814967 0.1547310 0.0196973
v -0.0722233 0.1589673 -0.0054242
v -0.0137085 0.1849115 -0.0255495
v -0.0434653 0.1245115 0.0225189
v -0.0691037 0.1555948 0.0016371
v -0.0737481 0.1553925 0.0023492
v -0.0681924 0.1743983 -0.0453659
v -0.0600528 0.1528035 0.0328876
v -0.0234595 0.1261539 0.0166138
v -0.0727772 0.1785447 -0.0482088
v -0.0765956 0.1775323 -0.0471181
v 0.0139064 0.1279084 0.0251102
v -0.0863675 0.1090654 0.0119806
v -0.0313588 0.1214098 0.0259711
v -0.0491046 0.1366688 0.0193140
v -0.0429306 0.1292844 0.0092701
v -0.0653204 0.1539032 0.0009139
v -0.0376065 0.1242260 0.0243135
v 0.0095078 0.1304186 0.0207150
v -0.0017977 0.1311728 0.0163607
v 0.0036232 0.1307679 0.0211686
v -0.0926747 0.1170195 0.0118895
v -0.0657397 0.1556534 0.0260176
v -0.0865619 0.1424919 0.0084327
v -0.0707315 0.1556996 0.0069058
v -0.0080841 0.1303054 0.0168723
v -0.0442863 0.1260663 0.0207952
v -0.0702223 0.1514352 0.0367189
v -0.0152107 0.1846364 -0.0220572
v -0.0172707 0.1869960 -0.0199776
v -0.0835610 0.1525594 0.0076807
v -0.0881303 0.0975405 0.0056788
v -0.0883992 0.1389900 0.0106407
v -0.0677805 0.1561445 0.0142763
v -0.0065865 0.1264172 0.0302264
v -0.0887462 0.1362558 0.0071478
v -0.0772067 0.1563995 -0.0189725
v -0.0931765 0.1182102 0.0233624
v -0.0235069 0.1267201 0.0109969
v -0.0665466 0.1717111 -0.0421278
v -0.0691360 0.1724784 -0.0390133
v 0.0571803 0.0711077 0.0080308
v -0.0753909 0.1795282 -0.0524020
v -0.0318288 0.1263911 0.0100134
v -0.0089889 0.1295227 0.0220268
v 0.0343259 0.1119331 -0.0022406
v -0.0814150 0.0971003 -0.0068746
v -0.0232988 0.1832431 -0.0179230
v -0.0616417 0.1558204 0.0110998
v -0.0888264 0.0904833 0.0212047
v 0.0583731 0.0680676 0.0057248
v -0.0430456 0.1278512 0.0168423
v 0.0308357 0.1155423 -0.0031785
v -0.0886313 0.0948812 0.0079338
v -0.0917151 0.1170996 0.0308094
v -0.0720838 0.1749984 -0.0419303
v -0.0695406 0.1530853 0.0338657
v 0.0600787 0.0681293 0.0114545
v -0.0400811 0.1262838 0.0196072
v 0.0328199 0.1165562 0.0044459
v -0.0728232 0.1451060 -0.0156547
v -0.0852702 0.1055177 0.0232909
v -0.0760513 0.1110383 -0.0062722
v -0.0865377 0.1515480 0.0258754
v 0.0558885 0.0725792 0.0106696
v -0.0546424 0.1552296 0.0126124
v 0.0367300 0.1111676 0.0038671
v 0.0315019 0.1172517 0.0016855
v -0.0787515 0.0952403 -0.0106007
v -0.0894082 0.1435281 0.0309248
v -0.0208911 0.1859534 -0.0150374
v -0.0708636 0.1613653 -0.0097325
v -0.0709198 0.1713669 -0.0327637
v -0.0307713 0.1256407 0.0165948
v -0.0544542 0.1529770 0.0225052
v -0.0015540 0.1275472 0.0292329
v 0.0291306 0.1202744 0.0061117
v 0.0257259 0.1212270 -0.0000361
v -0.0893190 0.0995470 0.0134181
v -0.0754295 0.1709560 -0.0328799
v -0.0285960 0.1190116 0.0298882
v 0.0210698 0.1249776 0.0010998
v -0.0922408 0.1181684 0.0412017
v 0.0024095 0.1001678 0.0469381
v -0.0566276 0.1527061 0.0296290
v -0.0572648 0.1550625 0.0193224
v -0.0364521 0.1219987 0.0276706
v -0.0741082 0.1735573 -0.0379868
v 0.0515371 0.0734967 0.0126987
v -0.0660960 0.1553253 0.0071562
v 0.0361020 0.1126610 0.0104918
v 0.0167152 0.1268985 0.0002233
v -0.0807679 0.1430140 -0.0015313
v -0.0917576 0.1433459 0.0177907
v -0.0868249 0.1528078 0.0155214
v -0.0658081 0.1676434 -0.0305587
v -0.0782173 0.1687398 -0.0335643
v -0.0725671 0.1475323 0.0417141
v 0.0584400 0.0702008 0.0177796
v 0.0568476 0.0720172 0.0171394
v 0.0549194 0.0731616 0.0152236
v 0.0474469 0.0736914 0.0124300
v 0.0123194 0.1290377 0.0013336
v -0.0797906 0.1035166 -0.0066275
v -0.0766552 0.1550977 0.0079686
v 0.0217473 0.1211846 0.0308788
v -0.0752605 0.1493861 0.0391760
v -0.0259196 0.1827283 -0.0135411
v -0.0679838 0.1697478 -0.0316275
v 0.0168311 0.1248715 0.0284256
v 0.0540165 0.0728839 0.0186780
v 0.0505227 0.0733979 0.0161669
v -0.0595824 0.1562334 0.0079210
v 0.0253435 0.1237475 0.0099819
v 0.0192627 0.1268939 0.0055552
v -0.0907585 0.1422337 0.0260081
v -0.0465485 0.1332077 0.0168896
v -0.0241069 0.1838089 -0.0115448
v 0.0086784 0.1289457 0.0261569
v 0.0024919 0.1298356 0.0248471
v 0.0573451 0.0694827 0.0211535
v -0.0853298 0.1533991 0.0203783
v 0.0328773 0.1169146 0.0092958
v 0.0242466 0.1237776 0.0048765
v -0.0477656 0.1330197 0.0228740
v -0.0635418 0.1633212 -0.0259130
v -0.0666052 0.1647737 -0.0206708
v -0.0685042 0.1673202 -0.0239596
v -0.0727592 0.1696591 -0.0270134
v 0.0482069 0.0726986 0.0169946
v -0.0273832 0.1232426 0.0216589
v -0.0450775 0.1312444 0.0111458
v 0.0292531 0.1205770 0.0122993
v 0.0136776 0.1296726 0.0069327
v 0.0084211 0.1309099 0.0062754
v 0.0009684 0.1306430 0.0025866
v 0.0030802 0.0983074 0.0505356
v -0.0524202 0.1531010 0.0129274
v -0.0703597 0.1690699 -0.0261443
v 0.0543594 0.0714673 0.0213812
v 0.0451614 0.0710304 0.0225307
v 0.0193204 0.1273835 0.0112963
v -0.0932812 0.1269109 0.0135050
v -0.0874051 0.1059399 0.0136459
v -0.0228516 0.0906350 0.0522805
v -0.0620994 0.1540670 0.0308374
v -0.0458516 0.1207298 0.0276650
v 0.0507817 0.0721552 0.0206802
v -0.0896073 0.1397111 0.0293086
v -0.0533230 0.1527352 0.0162139
v -0.0152271 0.1278488 0.0215452
v 0.0336635 0.1157421 0.0171813
v 0.0240003 0.1246876 0.0155179
v -0.0841668 0.0977568 -0.0032762
v -0.0362236 0.1277752 0.0098501
v -0.0391896 0.1282819 0.0050346
v -0.0336741 0.1777445 -0.0081799
v -0.0744886 0.1564944 -0.0025955
v -0.0467556 0.1328429 0.0081213
v -0.0849704 0.1532231 0.0126545
v -0.0108662 0.1269170 0.0275754
v -0.0031074 0.1307290 0.0056428
v -0.0887605 0.0970374 0.0210790
v -0.0648113 0.0345306 0.0155084
v -0.0643003 0.0350864 0.0242721
v -0.0667270 0.0358958 0.0338494
v 0.0198385 0.0965189 -0.0227859
v -0.0386705 0.1607020 -0.0123578
v -0.0768901 0.1304191 -0.0069570
v -0.0725397 0.0353993 0.0070299
v -0.0692090 0.0354548 0.0120421
v -0.0641608 0.0359008 0.0176876
v -0.0668041 0.0373777 0.0332963
v -0.0629283 0.0390617 0.0427077
v -0.0717522 0.0367894 0.0086967
v -0.0651714 0.0372895 0.0259538
v -0.0663920 0.0377124 0.0296219
v -0.0645587 0.0396399 0.0394115
v -0.0601458 0.0412020 0.0442938
v -0.0603184 0.0384430 0.0452459
v -0.0367563 0.0886634 -0.0238688
v -0.0394947 0.0375516 0.0428709
v -0.0720160 0.0375727 0.0039789
v -0.0716936 0.0394610 0.0060145
v -0.0711659 0.0393663 0.0081142
v -0.0690003 0.0384677 0.0107689
v -0.0672534 0.0381422 0.0135340
v -0.0611257 0.0377900 0.0197109
v -0.0391797 0.0424067 0.0414761
v -0.0351460 0.0385859 0.0477327
v -0.0289509 0.0392859 0.0533091
v -0.0182239 0.0974946 0.0468479
v -0.0669163 0.1227891 -0.0089077
v -0.0637546 0.0382501 0.0165935
v -0.0644158 0.0412838 0.0282435
v -0.0858563 0.0970254 0.0274150
v -0.0375011 0.0402219 0.0442966
v -0.0343340 0.0409236 0.0484258
v -0.0311729 0.0402943 0.0513125
v -0.0699973 0.0420731 0.0066898
v -0.0803793 0.0978007 0.0336457
v -0.0262732 0.0776312 0.0483562
v -0.0375015 0.0427367 0.0429884
v -0.0261775 0.0424989 0.0533152
v -0.0696372 0.0418813 0.0031826
v -0.0671565 0.0419729 0.0102409
v -0.0874055 0.1020521 0.0220204
v -0.0239444 0.0788001 0.0535347
v -0.0609024 0.0434295 0.0426785
v -0.0312179 0.0438475 0.0497809
v -0.0757294 0.1035403 0.0360710
v -0.0624253 0.0418857 0.0146468
v -0.0610517 0.0443922 0.0124219
v 0.0258551 0.0896107 -0.0227018
v -0.0776450 0.0822149 0.0357977
v -0.0603813 0.0459214 0.0400887
v -0.0249820 0.0817776 0.0534211
v -0.0344539 0.0445640 0.0454230
v -0.0298429 0.0467823 0.0477469
v -0.0151196 0.0999300 0.0445003
v -0.0673065 0.0441768 0.0075958
v -0.0578530 0.0464445 0.0110626
v -0.0518153 0.1639258 0.0017489
v -0.0551741 0.0483839 0.0385178
v -0.0788492 0.1186737 0.0506229
v -0.0272291 0.0879915 0.0479097
v -0.0755369 0.1597706 -0.0104386
v -0.0361513 0.0465051 0.0407409
v -0.0254392 0.0906779 0.0488523
v -0.0800504 0.1167041 0.0487625
v -0.0525136 0.0475779 0.0148584
v -0.0320436 0.0504618 0.0393415
v -0.0314878 0.0469302 0.0452532
v -0.0203215 0.0939996 0.0515885
v -0.0721450 0.0915565 0.0414948
v -0.0536442 0.0493582 0.0122019
v -0.0824039 0.1218656 0.0493650
v -0.0497544 0.0497383 0.0370371
v -0.0323321 0.0486728 0.0425240
v -0.0231229 0.0945159 0.0473589
v -0.0863471 0.0917221 0.0268111
v -0.0577131 0.0487178 0.0072765
v -0.0869704 0.0889121 0.0248799
v -0.0922377 0.1248852 0.0407865
v -0.0158628 0.0970216 0.0501394
v -0.0277200 0.0505021 0.0433407
v -0.0859188 0.1426341 0.0398498
v -0.0750974 0.0900736 0.0395810
v -0.0894308 0.1473055 0.0276950
v -0.0532884 0.0519258 0.0117303
v -0.0501687 0.0534623 0.0162554
v -0.0859860 0.1467090 0.0348270
v -0.0699373 0.0860769 0.0421757
v -0.0503993 0.0518313 0.0340374
v -0.0832990 0.1496077 0.0337409
v -0.0291748 0.0522645 0.0376373
v -0.0887637 0.1194494 0.0465601
v -0.0776935 0.1736797 -0.0414787
v -0.0834181 0.0941274 0.0308984
v -0.0560675 0.0534706 0.0073718
v -0.0789356 0.1481723 0.0394631
v -0.0679028 0.0878172 0.0435270
v -0.0441112 0.0928840 -0.0223732
v -0.0866051 0.1322681 0.0467830
v -0.0926543 0.1208403 0.0416296
v -0.0508873 0.0527279 0.0144558
v -0.0497634 0.0562412 0.0336243
v -0.0897713 0.1290486 0.0430230
v -0.0280542 0.0545510 0.0367869
v -0.0258671 0.0566892 0.0391822
v -0.0837022 0.1222638 -0.0037301
v -0.0814555 0.1301221 0.0521177
v -0.0514585 0.0558782 0.0159003
v -0.0785977 0.1744157 -0.0466076
v -0.0529098 0.0570431 0.0209884
v -0.0529785 0.0595538 0.0262119
v -0.0521306 0.0563030 0.0266725
v -0.0477145 0.0619445 0.0367058
v -0.0835398 0.0811696 0.0270141
v -0.0183400 0.0574900 0.0497630
v -0.0800698 0.0905861 0.0345931
v -0.0838123 0.0863377 0.0292233
v -0.0554366 0.0594203 0.0230190
v -0.0822277 0.1451377 0.0406001
v -0.0241876 0.0722691 0.0476811
v -0.0253532 0.0625672 0.0406422
v -0.0911321 0.1228210 0.0441152
v -0.0460763 0.1681972 0.0007374
v -0.0878293 0.1435146 0.0357077
v -0.0869906 0.1381233 0.0423165
v -0.0157159 0.0608230 0.0523654
v -0.0838036 0.1256110 0.0504405
v -0.0627867 0.1127419 -0.0136054
v -0.0810338 0.0846982 0.0331064
v -0.0885635 0.1162454 0.0453928
v -0.0202684 0.0622668 0.0482121
v -0.0126196 0.0616350 0.0544241
v -0.0704912 0.0818182 0.0406099
v -0.0838825 0.1333147 0.0491135
v -0.0565603 0.0483555 0.0366070
v 0.0099445 0.1091972 -0.0194728
v -0.0559282 0.0359173 0.0463761
v -0.0760033 0.1636134 -0.0180211
v -0.0837988 0.1029069 0.0280383
v -0.0882521 0.1269273 0.0461413
v -0.0791267 0.1061988 0.0320507
v -0.0882062 0.0944857 0.0237440
v -0.0891103 0.1385139 0.0376588
v -0.0193214 0.0921239 0.0538207
v -0.0582656 0.0909264 -0.0209487
v -0.0270463 0.0670144 0.0396721
v -0.0214163 0.1797766 -0.0217325
v -0.0078240 0.1092411 -0.0221857
v -0.0239883 0.0859956 0.0537164
v -0.0604836 0.1556797 0.0043344
v -0.0863891 0.1216848 0.0484124
v -0.0740844 0.1498774 -0.0326101
v -0.0205806 0.0795725 0.0560139
v -0.0838375 0.1392787 0.0448938
v -0.0229340 0.0356329 0.0528655
v -0.0861536 0.1273561 0.0485640
v -0.0657286 0.1070982 -0.0143177
v -0.0214811 0.0741945 0.0528577
v -0.0764239 0.1573628 -0.0090355
v -0.0772160 0.0855949 0.0374208
v -0.0841508 0.1295501 0.0504837
v -0.0812214 0.0810032 0.0312558
v -0.0817040 0.1016723 0.0309397
v -0.0862527 0.1010685 0.0254138
v -0.0809450 0.1390357 0.0473591
v -0.0789083 0.0948309 0.0354355
v -0.0734402 0.0954126 0.0402106
v -0.0526758 0.0882207 -0.0218863
v -0.0764407 0.0775111 0.0337483
v -0.0217911 0.1065803 -0.0223270
v -0.0883609 0.1499671 0.0260442
v -0.0240789 0.0679067 0.0451784
v -0.0200181 0.0675693 0.0515653
v -0.0835778 0.1205262 0.0491775
v -0.0146559 0.1745654 -0.0259727
v -0.0273959 0.0841083 0.0487457
v -0.0419336 0.0884634 -0.0221264
v -0.0316939 0.1026127 -0.0223523
v -0.0278902 0.1044070 -0.0228309
v -0.0737904 0.1201666 -0.0078851
v -0.0461242 0.1050637 -0.0204576
v -0.0274126 0.0732694 0.0426414
v -0.0455329 0.0347365 -0.0213632
v -0.0449930 0.0390170 -0.0210978
v -0.0464626 0.0368003 -0.0177787
v -0.0883665 0.1136186 0.0058228
v 0.0517462 0.0728972 0.0090647
v -0.0703852 0.0374503 -0.0009319
v -0.0609232 0.0386218 0.0224689
v -0.0776967 0.1702789 -0.0431179
v -0.0437932 0.1695551 -0.0073026
v -0.0775872 0.1771788 -0.0502211
v -0.0405419 0.0388860 -0.0273650
v -0.0442159 0.0361315 -0.0242522
v -0.0666349 0.0404303 -0.0050181
v -0.0692421 0.0414741 0.0001929
v -0.0756407 0.1593040 -0.0269085
v -0.0630870 0.0396142 0.0251816
v -0.0723030 0.1518670 -0.0415443
v -0.0410515 0.0415286 -0.0240610
v -0.0469906 0.0388924 -0.0140169
v -0.0895597 0.1285167 0.0045458
v -0.0769873 0.1536938 -0.0022971
v -0.0701217 0.1688263 -0.0511736
v -0.0647926 0.0417245 0.0316169
v -0.0421481 0.1240963 -0.0095602
v -0.0480697 0.1249303 -0.0084076
v -0.0421505 0.0433440 -0.0215087
v -0.0673152 0.0440340 0.0015742
v -0.0733866 0.1546342 -0.0299438
v -0.0553528 0.0429362 0.0191355
v -0.0600678 0.0414195 0.0229533
v -0.0654885 0.0409378 0.0353155
v -0.0800664 0.1503965 0.0006052
v -0.0440313 0.0419491 -0.0179940
v -0.0451865 0.0424534 -0.0141936
v -0.0831094 0.1026544 -0.0032933
v -0.0654728 0.0456276 0.0045575
v -0.0754277 0.1520121 -0.0143937
v -0.0544734 0.0459375 0.0236126
v -0.0624641 0.0437220 0.0284933
v -0.0628326 0.0451827 0.0346229
v -0.0635381 0.0435240 0.0379740
v -0.0602553 0.0447496 -0.0041316
v -0.0632420 0.0455497 0.0004843
v -0.0622494 0.0465401 0.0071903
v -0.0910036 0.1488573 0.0215070
v -0.0570941 0.0459965 0.0268653
v -0.0572765 0.0472996 0.0298900
v -0.0395199 0.1738586 -0.0075753
v -0.0896411 0.1384192 0.0341418
v -0.0926014 0.1301865 0.0251836
v -0.0922809 0.1276205 0.0297517
v -0.0339573 0.0410251 -0.0296602
v -0.0901995 0.1165751 0.0056755
v -0.0585159 0.0477313 0.0002125
v -0.0717236 0.1461744 -0.0215678
v -0.0523898 0.0454491 0.0176863
v -0.0594143 0.0472780 0.0341724
v -0.0575206 0.1587760 0.0041621
v -0.0809591 0.1092667 -0.0020190
v -0.0519040 0.0461001 0.0194213
v -0.0518300 0.0485687 0.0216470
v -0.0776504 0.1565801 -0.0165992
v -0.0374165 0.0476821 -0.0171473
v -0.0788761 0.1534701 0.0039876
v -0.0576354 0.0504255 0.0046108
v -0.0526254 0.0504346 0.0290467
v -0.0529987 0.0491690 0.0339676
v -0.0735026 0.1687193 -0.0447918
v -0.0544207 0.0478365 -0.0059187
v -0.0523127 0.0510853 0.0244857
v -0.0791299 0.1673657 -0.0355062
v 0.0094116 0.1235029 -0.0098291
v -0.0327157 0.1089663 -0.0189414
v -0.0311334 0.0496073 -0.0194069
v 0.0459973 0.0698145 0.0030143
v 0.0335255 0.1096621 -0.0069895
v -0.0550472 0.0527676 -0.0039461
v -0.0568979 0.0496556 -0.0015319
v -0.0502905 0.0490989 0.0171648
v -0.0505952 0.0499233 0.0191741
v -0.0518874 0.0533247 0.0287056
v -0.0676845 0.1653363 -0.0554664
v -0.0302714 0.0521061 -0.0176761
v -0.0091087 0.1114167 -0.0205432
v -0.0570694 0.0544244 0.0023396
v -0.0327484 0.1775987 -0.0116275
v -0.0290096 0.0512653 -0.0221758
v -0.0313831 0.0517913 -0.0138868
v -0.0556740 0.0569839 -0.0033510
v -0.0509160 0.0538136 0.0197531
v -0.0888754 0.1516944 0.0200866
v -0.0771530 0.1737868 -0.0478676
v -0.0785778 0.1642064 -0.0318259
v -0.0275459 0.0540216 -0.0251474
v -0.0544637 0.0553574 0.0103268
v -0.0870414 0.1305893 0.0009116
v -0.0900093 0.1327808 0.0059221
v -0.0922326 0.1319540 0.0154306
v -0.0486400 0.1647248 -0.0050592
v -0.0540665 0.0599593 -0.0075992
v -0.0574341 0.0576835 0.0087260
v -0.0867947 0.1385069 0.0045576
v -0.0929895 0.1309231 0.0199193
v -0.0912820 0.1331190 0.0246886
v 0.0218150 0.1177053 -0.0100153
v -0.0296471 0.0581043 -0.0213113
v -0.0312895 0.0552086 -0.0143878
v -0.0590022 0.0592346 0.0026141
v -0.0902417 0.1357599 0.0141492
v -0.0615694 0.1708488 -0.0616792
v -0.0660702 0.1655782 -0.0586441
v -0.0245399 0.1800586 -0.0187270
v -0.0161317 0.1829885 -0.0260372
v -0.0308094 0.0569980 -0.0178350
v 0.0104643 0.0961804 -0.0258990
v -0.0574916 0.0595302 -0.0010786
v -0.0891465 0.1365050 0.0259528
v 0.0043714 0.1039190 -0.0215151
v -0.0903770 0.1325249 0.0310827
v -0.0907954 0.1385523 0.0205626
v -0.0942377 0.1261542 0.0222015
v -0.0903369 0.1311983 0.0381388
v -0.0450826 0.1221845 -0.0115694
v 0.0113480 0.0982438 -0.0230242
v -0.0392279 0.0991846 -0.0219127
v -0.0655095 0.1585733 -0.0556003
v -0.0774095 0.1626052 -0.0207546
v -0.0485800 0.1668921 -0.0025256
v -0.0769229 0.1535139 -0.0090786
v -0.0677506 0.1573482 -0.0539821
v 0.0529064 0.0652305 -0.0005111
v -0.0290548 0.0610841 -0.0249182
v -0.0310669 0.0650589 -0.0227511
v 0.0242497 0.1026615 -0.0183138
v -0.0554737 0.1605021 0.0013763
v -0.0666429 0.1604088 -0.0568427
v -0.0782003 0.1607321 -0.0239997
v -0.0183207 0.1196863 -0.0111107
v 0.0217130 0.1095634 -0.0150811
v -0.0683826 0.1598025 -0.0542088
v -0.0254456 0.0602086 -0.0308647
v -0.0265403 0.0650840 -0.0316649
v -0.0284257 0.0621996 -0.0279385
v -0.0326057 0.0612646 -0.0154530
v -0.0708723 0.1161164 -0.0079564
v -0.0697805 0.1593857 -0.0494182
v -0.0303249 0.0676947 -0.0276549
v -0.0329774 0.0663652 -0.0183855
v 0.0135335 0.1025539 -0.0215793
v 0.0444085 0.0697589 0.0009476
v -0.0021999 0.1121588 -0.0196587
v -0.0720285 0.0670466 -0.0007226
v -0.0786996 0.1731391 -0.0427205
v -0.0832120 0.1507213 0.0042128
v -0.0874391 0.1337488 0.0023975
v 0.0263480 0.0845622 -0.0231517
v -0.0749015 0.0704193 -0.0022854
v -0.0545763 0.0915629 -0.0220987
v -0.0732425 0.1523133 -0.0357035
v -0.0745510 0.1721874 -0.0475510
v -0.0286807 0.0682835 -0.0306102
v 0.0173729 0.1024604 -0.0214877
v -0.0812574 0.0730252 0.0071020
v -0.0749823 0.1540779 -0.0189745
v -0.0915565 0.1319626 0.0106382
v -0.0008245 0.0951651 -0.0320563
v -0.0776188 0.0739991 -0.0053264
v -0.0798588 0.0727550 0.0030420
v -0.0816275 0.0734706 0.0111617
v -0.0736793 0.1478599 -0.0202363
v -0.0913098 0.1484859 0.0162701
v -0.0908501 0.1462561 0.0148090
v -0.0685439 0.1751301 -0.0571879
v -0.0272540 0.1074745 -0.0212797
v 0.0214436 0.1227383 -0.0029317
v -0.0790612 0.0737243 -0.0008452
v -0.0820635 0.0759937 0.0017615
v -0.0837366 0.0767718 0.0089586
v -0.0902057 0.1494778 0.0130351
v 0.0008482 0.1167002 -0.0173371
v -0.0745775 0.1516404 -0.0286480
v -0.0290875 0.0729246 -0.0333545
v -0.0311840 0.0739895 -0.0303399
v -0.0326066 0.0719556 -0.0248666
v -0.0805760 0.0766078 -0.0029879
v -0.0894910 0.1439258 0.0124885
v -0.0773884 0.1465643 -0.0043543
v -0.0728962 0.1583496 -0.0341094
v 0.0071346 0.1146823 -0.0183456
v -0.0345026 0.0761300 -0.0223731
v -0.0838907 0.0807895 0.0022951
v -0.0837405 0.0772403 0.0046673
v -0.0862046 0.0809307 0.0105354
v -0.0860615 0.0799311 0.0144408
v -0.0815428 0.0779507 0.0267273
v 0.0266662 0.1126861 -0.0105095
v -0.0760414 0.1566307 -0.0214205
v -0.0900121 0.1508334 0.0157527
v -0.0711565 0.1633513 -0.0453605
v -0.0332110 0.0768732 -0.0277084
v -0.0732631 0.0799838 -0.0137499
v -0.0792859 0.0800488 -0.0070125
v -0.0860345 0.0826457 0.0195427
v -0.0843354 0.0807299 0.0221805
v -0.0713515 0.1572709 -0.0421831
v -0.0735485 0.1612082 -0.0352884
v 0.0167326 0.1099123 -0.0170200
v -0.0309788 0.0770209 -0.0328165
v -0.0623592 0.1754482 -0.0614860
v -0.0175879 0.1149132 -0.0172050
v -0.0823540 0.0808763 -0.0024039
v -0.0785789 0.1405013 -0.0046031
v -0.0289311 0.0792476 -0.0350498
v -0.0312257 0.0804131 -0.0321823
v -0.0332587 0.0796217 -0.0271461
v -0.0446974 0.1179154 -0.0147259
v -0.0797237 0.0842267 -0.0087609
v -0.0850422 0.0838178 -0.0000776
v -0.0867764 0.0843449 0.0124190
v -0.0866747 0.0826650 0.0151743
v -0.0851063 0.0851766 0.0256794
v -0.0769758 0.0829359 -0.0114506
v -0.0827764 0.0834309 -0.0043687
v -0.0861804 0.0825721 0.0063639
v -0.0911608 0.1414436 0.0156739
v -0.0746388 0.1439848 -0.0071505
v -0.0834485 0.1339330 -0.0016873
v -0.0758047 0.1513447 -0.0198812
v -0.0749241 0.1527301 -0.0193974
v -0.0523144 0.1215965 -0.0107981
v -0.0307340 0.0854276 -0.0305067
v -0.0325906 0.0819427 -0.0291002
v -0.0864548 0.0869405 0.0009167
v -0.0125018 0.1063441 -0.0223602
v -0.0885859 0.1460587 0.0098780
v -0.0856097 0.1471251 0.0065981
v -0.0875112 0.1506150 0.0101525
v -0.0601135 0.0355504 0.0449076
v -0.0882842 0.0868691 0.0081029
v -0.0888126 0.0877655 0.0142265
v -0.0880011 0.0866264 0.0154667
v -0.0869911 0.0864447 0.0224210
v -0.0746100 0.1472781 -0.0141724
v -0.0347079 0.0840359 -0.0243023
v -0.0849649 0.0899625 -0.0030068
v -0.0880914 0.0877416 0.0048490
v -0.0914905 0.1454318 0.0222772
v -0.0943804 0.1218392 0.0179043
v -0.0291645 0.0853934 -0.0336668
v -0.0305578 0.0886259 -0.0275507
v -0.0777706 0.0878448 -0.0116948
v -0.0807283 0.0882042 -0.0078003
v -0.0832725 0.0894767 -0.0056503
v -0.0893987 0.0895390 0.0116455
v -0.0896984 0.1397126 0.0137748
v -0.0771349 0.1515123 -0.0055823
v -0.0511214 0.1637412 -0.0026641
v -0.0864430 0.1276744 -0.0014864
v -0.0696056 0.1549076 -0.0501887
v -0.0872652 0.0921100 0.0042059
v -0.0890862 0.0923771 0.0105699
v -0.0896123 0.0915999 0.0178123
v -0.0827325 0.1419686 0.0012529
v -0.0726184 0.1436813 -0.0109871
v -0.0776772 0.1661099 -0.0367773
v -0.0150781 0.0938634 -0.0343173
v -0.0710573 0.1547689 -0.0457785
v -0.0923319 0.1252389 0.0091590
v -0.0760467 0.0910373 -0.0136432
v -0.0829428 0.0932917 -0.0061856
v -0.0104112 0.0945923 -0.0337849
v -0.0293311 0.1147623 -0.0158446
v -0.0372183 0.1159424 -0.0151730
v -0.0124299 0.1028601 -0.0238225
v 0.0066510 0.0881445 -0.0329458
v -0.0064120 0.0928762 -0.0348176
v 0.0158002 0.1199656 -0.0114156
v 0.0291027 0.1024751 -0.0157684
v 0.0420807 0.0634806 -0.0025405
v 0.0287231 0.0979432 -0.0174973
v -0.0199876 0.1027831 -0.0233929
v 0.0337484 0.0836441 -0.0186305
v -0.0186857 0.1868962 -0.0202487
v 0.0064155 0.1179018 -0.0162827
v 0.0563052 0.0677699 0.0026525
v -0.0053608 0.1128940 -0.0196133
v 0.0457694 0.0646288 -0.0012166
v -0.0100909 0.0982296 -0.0277314
v -0.0604585 0.1175565 -0.0113546
v 0.0129339 0.1188725 -0.0139794
v 0.0152357 0.0949779 -0.0244371
v -0.0308929 0.0474090 -0.0249540
v -0.0177662 0.1857234 -0.0230493
v -0.0130349 0.1100286 -0.0201612
v -0.0712065 0.0386086 0.0007722
v 0.0179048 0.1062771 -0.0177293
v -0.0336235 0.1184043 -0.0119275
v -0.0499068 0.1178833 -0.0144025
v -0.0066878 0.1174721 -0.0153593
v -0.0154515 0.1859760 -0.0247959
v -0.0306039 0.0380385 -0.0301238
v -0.0132203 0.1839719 -0.0275195
v -0.0478594 0.1116273 -0.0174821
v -0.0130990 0.0907760 -0.0366593
v -0.0631173 0.1542544 0.0029730
v -0.0551398 0.1105160 -0.0176727
v -0.0110968 0.1820232 -0.0280425
v -0.0265689 0.0346958 -0.0291138
v -0.0066397 0.1022221 -0.0235193
v -0.0569964 0.1574171 0.0006024
v 0.0190766 0.0918706 -0.0248902
v 0.0134731 0.1242989 -0.0068361
v -0.0217305 0.0984110 -0.0243069
v -0.0171422 0.0980575 -0.0249243
v -0.0586981 0.1513732 -0.0006580
v 0.0035641 0.1276488 -0.0044672
v -0.0085370 0.0999212 -0.0243511
v -0.0121720 0.1812510 -0.0290612
v -0.0611140 0.1530521 0.0009998
v -0.0295706 0.1171387 -0.0136755
v 0.0305301 0.1122121 -0.0081861
v -0.0317141 0.0351115 -0.0306590
v -0.0136911 0.1791471 -0.0281264
v 0.0116208 0.1154897 -0.0163857
v -0.0619936 0.1502806 -0.0016297
v 0.0366840 0.1009957 -0.0098486
v 0.0485127 0.0717982 0.0060005
v -0.0004658 0.1198366 -0.0136106
v 0.0167472 0.0901140 -0.0271272
v 0.0069832 0.0977301 -0.0248003
v -0.0432268 0.0462636 -0.0117717
v -0.0083562 0.1137360 -0.0182398
v -0.0123544 0.1155677 -0.0164869
v 0.0468345 0.0743541 0.0101395
v 0.0253192 0.1093173 -0.0135797
v -0.0424595 0.1139248 -0.0161880
v 0.0577446 0.0641584 0.0026278
v -0.0597105 0.0365358 -0.0094949
v -0.0032078 0.1096210 -0.0215239
v 0.0270207 0.0613457 -0.0222921
v 0.0071030 0.1019116 -0.0212310
v -0.0382257 0.1246552 -0.0073257
v 0.0259415 0.1157635 -0.0082194
v -0.0612980 0.0339002 -0.0093217
v -0.0594667 0.1474396 -0.0018885
v 0.0105066 0.1008770 -0.0221095
v 0.0330813 0.1027338 -0.0127872
v 0.0125178 0.1047538 -0.0199160
v 0.0230880 0.0939987 -0.0222107
v 0.0315554 0.0924847 -0.0182043
v 0.0062723 0.0999104 -0.0222969
v -0.0409172 0.0461218 -0.0179426
v 0.0354074 0.0981888 -0.0120090
v 0.0094136 0.1212190 -0.0129378
v 0.0537352 0.0720273 0.0068010
v 0.0256203 0.1188072 -0.0050331
v -0.0381503 0.0424666 -0.0268940
v -0.0282124 0.1111686 -0.0180019
v -0.0602536 0.1433910 -0.0037906
v 0.0190169 0.1040145 -0.0193331
v 0.0075447 0.0916822 -0.0316431
v -0.0070761 0.1224012 -0.0113644
v -0.0190475 0.0965621 -0.0275799
v -0.0169534 0.1066926 -0.0220030
v -0.0006731 0.1011987 -0.0228578
v -0.0090179 0.1252803 -0.0077912
v -0.0681362 0.1800611 -0.0588160
v -0.0236002 0.1151382 -0.0155774
v -0.0598312 0.0428423 -0.0066469
v 0.0531241 0.0590124 -0.0028854
v -0.0369318 0.0371074 -0.0297142
v -0.0562151 0.1413921 -0.0028027
v 0.0366959 0.1037284 -0.0079621
v -0.0358851 0.1204004 -0.0106405
v -0.0093570 0.0854237 -0.0381125
v -0.0601273 0.1204139 -0.0093791
v -0.0398428 0.1215611 -0.0115703
v 0.0283222 0.1084796 -0.0126234
v -0.0018734 0.1159391 -0.0171694
v 0.0386482 0.0901533 -0.0125497
v -0.0017359 0.0922442 -0.0343105
v 0.0500008 0.0616121 -0.0034650
v 0.0558590 0.0629102 0.0006904
v 0.0204615 0.1151537 -0.0131038
v -0.0151658 0.1179807 -0.0144655
v -0.0708595 0.0715102 0.0338951
v 0.0226740 0.0866060 -0.0249255
v 0.0353588 0.0874389 -0.0171090
v 0.0184009 0.1214551 -0.0076804
v -0.0254259 0.0414210 -0.0292048
v -0.0082085 0.0967774 -0.0308098
v -0.0568107 0.0338739 -0.0111663
v -0.0345886 0.0447450 -0.0271229
v -0.0402517 0.1182753 -0.0136741
v 0.0163870 0.1140235 -0.0154969
v 0.0426353 0.0607975 -0.0034584
v -0.0506872 0.0359359 -0.0123808
v 0.0073447 0.0945096 -0.0296832
v -0.0197067 0.0929173 -0.0346369
v -0.0120830 0.1221923 -0.0097121
v 0.0488059 0.0684578 0.0016953
v -0.0030870 0.0984025 -0.0274032
v -0.0531988 0.1367290 -0.0016580
v -0.0472901 0.1305535 0.0016909
v 0.0044652 0.1204404 -0.0139314
v -0.0023850 0.1229053 -0.0103825
v -0.0248333 0.0958580 -0.0251621
v -0.0422969 0.0362919 -0.0272536
v -0.0543883 0.1340492 -0.0039920
v -0.0505394 0.1333666 -0.0010872
v 0.0026040 0.0969427 -0.0284071
v -0.0078163 0.1282121 -0.0019430
v 0.0065112 0.1300252 0.0009288
v 0.0347429 0.0922741 -0.0156546
v -0.0677877 0.1808889 -0.0581910
v -0.0337154 0.1115157 -0.0180784
v 0.0044630 0.1242729 -0.0094291
v -0.0233702 0.0933928 -0.0320318
v -0.0489821 0.1298065 -0.0013229
v -0.0007816 0.1282292 -0.0032490
v 0.0024960 0.0898576 -0.0336284
v 0.0074553 0.1119679 -0.0195543
v 0.0287911 0.0911573 -0.0203702
v -0.0535901 0.1243745 -0.0073470
v -0.0477436 0.1206443 -0.0128130
v -0.0196162 0.1210920 -0.0095488
v -0.0650474 0.1799915 -0.0597586
v -0.0517042 0.0376204 -0.0117634
v -0.0521243 0.1292983 -0.0041187
v -0.0453345 0.1289149 0.0015819
v -0.0030471 0.1291945 -0.0010688
v 0.0072130 0.1272196 -0.0052074
v 0.0116693 0.1272015 -0.0031851
v 0.0530564 0.0697088 0.0031291
v -0.0630212 0.1781095 -0.0603936
v 0.0282048 0.0643913 -0.0206980
v 0.0344002 0.1050300 -0.0102249
v 0.0309752 0.1079025 -0.0110584
v -0.0489844 0.1148052 -0.0159667
v -0.0328217 0.1230050 -0.0059088
v -0.0507929 0.1271649 -0.0048183
v -0.0353017 0.1254781 -0.0031543
v 0.0564553 0.0699515 0.0049192
v -0.0162404 0.1251218 -0.0036500
v -0.0169704 0.1111979 -0.0195864
v -0.0540881 0.0397812 -0.0105447
v -0.0341905 0.0475140 -0.0223015
v 0.0136991 0.0939142 -0.0264277
v 0.0008800 0.0992349 -0.0243557
v -0.0464595 0.1272395 -0.0048843
v -0.0417355 0.1268760 -0.0041742
v -0.0210005 0.1231364 -0.0061190
v -0.0121305 0.1257257 -0.0052008
v -0.0043822 0.1264075 -0.0069495
v 0.0014086 0.0347820 -0.0232652
v -0.0148462 0.0350709 -0.0260719
v -0.0213995 0.0347951 -0.0279588
v 0.0120092 0.0359619 -0.0217358
v 0.0038249 0.0361292 -0.0238781
v -0.0511396 0.0966176 -0.0220951
v -0.0548133 0.0981025 -0.0214254
v -0.0275970 0.1697982 -0.0181704
v 0.0133599 0.0393774 -0.0224963
v 0.0043919 0.0386744 -0.0241703
v -0.0068478 0.0364445 -0.0251771
v -0.0132803 0.0376996 -0.0263918
v -0.0476728 0.0361166 -0.0133012
v -0.0455901 0.1085383 -0.0187967
v -0.0500957 0.1099093 -0.0185045
v -0.0657666 0.0364695 -0.0072073
v -0.0234558 0.1682473 -0.0188229
v -0.0045918 0.0384046 -0.0254129
v -0.0249541 0.0374411 -0.0291527
v 0.0290078 0.0373582 -0.0002747
v -0.0079469 0.0414899 -0.0259113
v -0.0168038 0.0397538 -0.0275654
v -0.0651561 0.1403454 -0.0076849
v -0.0470801 0.0407007 -0.0118698
v -0.0684706 0.0374777 -0.0049557
v 0.0373268 0.0402095 -0.0008585
v 0.0353499 0.0412570 -0.0028075
v 0.0051821 0.0415363 -0.0240657
v 0.0186607 0.1003078 -0.0221273
v -0.0605108 0.1074845 -0.0170423
v -0.0623743 0.0401461 -0.0074040
v 0.0254570 0.0394839 -0.0040251
v -0.0002283 0.0433949 -0.0251244
v -0.0081088 0.0434391 -0.0261401
v -0.0173624 0.0432374 -0.0276652
v -0.0264167 0.0446740 -0.0282097
v 0.0038064 0.1094433 -0.0202038
v -0.0582324 0.0956904 -0.0206160
v -0.0661224 0.0423413 -0.0027539
v -0.0609599 0.0941730 -0.0190157
v 0.0313523 0.0426493 -0.0046745
v -0.0335409 0.0363426 0.0490900
v 0.0172528 0.0443356 -0.0230672
v 0.0106377 0.0441616 -0.0249262
v 0.0043843 0.0458067 -0.0267890
v -0.0082506 0.0451487 -0.0284411
v -0.0157484 0.0450439 -0.0278778
v 0.0289903 0.0446979 -0.0061863
v 0.0081686 0.0450530 -0.0251787
v -0.0009629 0.0453782 -0.0273083
v -0.0017033 0.0478192 -0.0299289
v -0.0315358 0.0447404 -0.0280794
v -0.0336196 0.1569147 -0.0110249
v -0.0507512 0.0431096 -0.0100187
v 0.0368909 0.0473532 -0.0061057
v 0.0249756 0.0426446 -0.0070170
v 0.0245624 0.0483696 -0.0196728
v 0.0139640 0.0455792 -0.0247065
v 0.0133761 0.0486303 -0.0265515
v 0.0037309 0.0481280 -0.0290260
v -0.0087947 0.0470569 -0.0298816
v -0.0137538 0.0518651 -0.0322435
v -0.0212008 0.0466571 -0.0279513
v 0.0396935 0.0456586 -0.0045274
v 0.0336274 0.0487177 -0.0063905
v -0.0653521 0.0992946 -0.0168201
v 0.0012868 0.0503837 -0.0303574
v -0.0081798 0.0498458 -0.0310714
v -0.0171844 0.0482105 -0.0297419
v -0.0260495 0.0476925 -0.0261495
v -0.0847470 0.1107835 0.0394884
v -0.0513169 0.0482707 -0.0079310
v -0.0825065 0.1276549 -0.0046796
v 0.0386637 0.0516967 -0.0066910
v -0.0756432 0.0994404 -0.0119276
v 0.0202845 0.0513492 -0.0248954
v 0.0059436 0.0509767 -0.0291194
v -0.0255283 0.0514727 -0.0268847
v -0.0355627 0.0493999 -0.0128650
v -0.0428190 0.1622018 -0.0103375
v -0.0655936 0.1766571 -0.0605047
v -0.0341511 0.1744280 -0.0133126
v 0.0436732 0.0501622 -0.0059844
v -0.0503424 0.1554620 -0.0051928
v 0.0254642 0.0540297 -0.0216910
v 0.0101498 0.0492585 -0.0277506
v -0.0220432 0.0536120 -0.0301356
v -0.0328755 0.0516776 -0.0108887
v -0.0376138 0.0495348 -0.0116261
v -0.0407506 0.0492851 -0.0112862
v -0.0463852 0.0474909 -0.0100860
v 0.0444732 0.0532930 -0.0063328
v 0.0332056 0.0510206 -0.0072383
v 0.0156783 0.0511693 -0.0263978
v 0.0068342 0.0550102 -0.0305611
v 0.0021425 0.0555028 -0.0313344
v 0.0005928 0.0528679 -0.0305138
v -0.0036481 0.0518690 -0.0314579
v -0.0094246 0.0553992 -0.0336540
v -0.0193022 0.0582248 -0.0339197
v -0.0610843 0.1338619 -0.0072249
v -0.0433098 0.0556568 -0.0114021
v -0.0610805 0.1683377 -0.0591921
v 0.0475747 0.0529436 -0.0051300
v -0.0374030 0.1115078 -0.0182433
v 0.0199725 0.0544097 -0.0271082
v 0.0053975 0.0583826 -0.0309038
v -0.0106036 0.0536029 -0.0334033
v -0.0349983 0.0523316 -0.0103474
v -0.0464712 0.0513043 -0.0098300
v -0.0679454 0.1149360 -0.0095107
v -0.0710482 0.1516109 -0.0446793
v -0.0058904 0.0347906 -0.0242245
v 0.0168421 0.0555557 -0.0282846
v 0.0107110 0.0546876 -0.0297675
v -0.0011827 0.0594924 -0.0333609
v -0.0052326 0.0556890 -0.0328402
v -0.0517058 0.0524708 -0.0074047
v -0.0526264 0.0600438 -0.0089567
v -0.0725986 0.0977627 -0.0144345
v 0.0443313 0.0558180 -0.0060363
v 0.0384634 0.0549348 -0.0061823
v 0.0388386 0.0578083 -0.0052585
v -0.0092015 0.0595101 -0.0344371
v -0.0352626 0.0552849 -0.0105451
v -0.0383364 0.0545035 -0.0109053
v -0.0177275 0.0362895 0.0522222
v 0.0500065 0.0580958 -0.0046212
v 0.0461340 0.0592788 -0.0047770
v 0.0151103 0.0598198 -0.0286458
v 0.0103124 0.0575865 -0.0299952
v -0.0061353 0.0602568 -0.0346958
v -0.0123182 0.0593964 -0.0352685
v -0.0144669 0.0631360 -0.0368659
v -0.0466503 0.0598410 -0.0121358
v -0.0565721 0.1248028 -0.0071886
v -0.0792375 0.1205542 -0.0056745
v -0.0793348 0.1256065 -0.0061176
v 0.0223400 0.0584922 -0.0260141
v 0.0076270 0.0620983 -0.0311358
v 0.0033102 0.0604568 -0.0324811
v -0.0168119 0.0612752 -0.0359293
v -0.0324919 0.0571963 -0.0121047
v -0.0341082 0.0614666 -0.0130531
v -0.0338970 0.0570253 -0.0110476
v -0.0386236 0.0583033 -0.0115058
v -0.0450084 0.0627239 -0.0133904
v -0.0568960 0.1339874 -0.0056271
v -0.0448539 0.1574603 -0.0086732
v -0.0786095 0.0696569 0.0118107
v -0.0237300 0.1018616 -0.0238364
v -0.0281229 0.0993224 -0.0235801
v -0.0500767 0.1499765 -0.0036420
v -0.0330484 0.0959586 -0.0234265
v 0.0195204 0.0620648 -0.0272925
v -0.0388647 0.1033399 -0.0206414
v -0.0489529 0.0562811 -0.0102209
v -0.0539930 0.1449866 -0.0011093
v -0.0455306 0.0985108 -0.0217295
v -0.0509110 0.1007457 -0.0216194
v 0.0232458 0.0627925 -0.0250480
v 0.0097413 0.0631814 -0.0311414
v -0.0008661 0.0645596 -0.0344909
v -0.0085264 0.0640017 -0.0358505
v -0.0484515 0.0647941 -0.0130299
v -0.0523252 0.1061481 -0.0192712
v -0.0552653 0.1021668 -0.0198971
v -0.0590420 0.0990322 -0.0192230
v -0.0578468 0.1043350 -0.0185257
v -0.0271135 0.1733216 -0.0185389
v 0.0228320 0.0670826 -0.0262975
v 0.0145191 0.0645955 -0.0298557
v 0.0114713 0.0675814 -0.0309012
v -0.0177394 0.0662608 -0.0376573
v -0.0650598 0.1345210 -0.0080900
v -0.0758293 0.1424461 -0.0058090
v -0.0413623 0.0616373 -0.0128138
v -0.0561479 0.0619216 -0.0057541
v -0.0621261 0.0628454 -0.0045203
v -0.0372925 0.1644906 -0.0136271
v -0.0198189 0.1650949 -0.0176090
v 0.0062881 0.0654164 -0.0325630
v -0.0059251 0.0695156 -0.0359335
v -0.0105386 0.0679992 -0.0365171
v -0.0353857 0.0668174 -0.0154349
v -0.0539945 0.0646387 -0.0093255
v -0.0638523 0.0655723 -0.0069393
v -0.0639209 0.1277424 -0.0085495
v -0.0269407 0.0361841 0.0533518
v 0.0196187 0.0670074 -0.0283561
v 0.0122752 0.0699339 -0.0315532
v 0.0054265 0.0682480 -0.0327305
v -0.0044084 0.0666192 -0.0348702
v -0.0219113 0.0671448 -0.0365358
v -0.0456432 0.1546695 -0.0072969
v -0.0516735 0.0668507 -0.0121204
v -0.0581052 0.0664660 -0.0100443
v -0.0569923 0.1431186 -0.0022403
v -0.0806511 0.1311985 -0.0044398
v -0.0565443 0.1285094 -0.0062015
v 0.0177581 0.0701385 -0.0294047
v 0.0064980 0.0707919 -0.0335253
v 0.0007583 0.0704345 -0.0344626
v -0.0132359 0.0692928 -0.0379175
v -0.0673908 0.1188969 -0.0087301
v -0.0381195 0.0641623 -0.0138291
v 0.0018527 0.1130336 -0.0197943
v -0.0759508 0.0681706 0.0181180
v -0.0100020 0.0726715 -0.0376614
v -0.0179761 0.0706138 -0.0384439
v -0.0230360 0.0727785 -0.0380726
v -0.0261201 0.0711775 -0.0354515
v -0.0685354 0.1392937 -0.0078047
v -0.0352630 0.0710677 -0.0180119
v -0.0415582 0.0697740 -0.0167741
v -0.0528317 0.0702989 -0.0148650
v -0.0669788 0.0676390 -0.0068094
v -0.0102445 0.1789583 -0.0295389
v -0.0752726 0.1268010 -0.0080242
v -0.0873599 0.1124832 0.0420495
v 0.0087503 0.0743016 -0.0333982
v -0.0642495 0.1604502 -0.0570415
v -0.0443540 0.0733722 -0.0178744
v -0.0457626 0.0694453 -0.0159288
v -0.0479574 0.0725430 -0.0161070
v -0.0578226 0.0695380 -0.0144165
v -0.0720716 0.0715382 -0.0074714
v 0.0254729 0.0740945 -0.0249385
v 0.0157197 0.0737564 -0.0297478
v 0.0048214 0.0737640 -0.0345525
v -0.0022529 0.0739213 -0.0358872
v -0.0073835 0.0747996 -0.0372238
v -0.0202253 0.0770952 -0.0390443
v -0.0340162 0.0721013 -0.0208232
v -0.0384934 0.0728399 -0.0175022
v -0.0643926 0.0731163 -0.0153353
v -0.0644807 0.0701874 -0.0122618
v -0.0238543 0.1616453 -0.0145042
v 0.0221044 0.0726926 -0.0269001
v 0.0155324 0.0765870 -0.0296069
v 0.0115741 0.0748606 -0.0313839
v -0.0147316 0.0776407 -0.0384907
v -0.0160188 0.0742888 -0.0388644
v -0.0511036 0.0730719 -0.0162431
v -0.0579895 0.0740179 -0.0175223
v -0.0696084 0.0723229 -0.0109344
v -0.0759961 0.1171413 -0.0065577
v -0.0379877 0.1075145 -0.0199758
v 0.0106962 0.0798892 -0.0320096
v -0.0053433 0.0782646 -0.0374769
v -0.0260820 0.0761913 -0.0367802
v -0.0391610 0.1571888 -0.0105805
v -0.0656099 0.0758600 -0.0167501
v -0.0701776 0.0756633 -0.0138392
v -0.0742914 0.0748084 -0.0093538
v -0.0634289 0.1718539 -0.0614122
v 0.0306849 0.0757269 -0.0207781
v 0.0193050 0.0790179 -0.0277440
v -0.0085992 0.0793387 -0.0379052
v -0.0232001 0.0765685 -0.0383865
v -0.0381178 0.0763901 -0.0186444
v -0.0442311 0.0776641 -0.0190266
v -0.0510255 0.0757051 -0.0181869
v -0.0705951 0.1299483 -0.0087629
v 0.0281477 0.0787854 -0.0224325
v 0.0076016 0.0794359 -0.0337146
v 0.0049502 0.0780272 -0.0344098
v -0.0158584 0.0811656 -0.0391856
v -0.0185021 0.0833439 -0.0390107
v -0.0797393 0.1360685 -0.0041482
v -0.0309802 0.1663466 -0.0162412
v -0.0357498 0.0772483 -0.0193740
v -0.0489447 0.0790864 -0.0195757
v -0.0550659 0.0780892 -0.0197555
v 0.0237060 0.0802404 -0.0254501
v 0.0122541 0.0834567 -0.0307716
v 0.0018550 0.0846928 -0.0348385
v -0.0002086 0.0789414 -0.0357821
v -0.0004271 0.0829474 -0.0363807
v -0.0044102 0.0827945 -0.0374672
v -0.0332023 0.1057832 -0.0206476
v -0.0392070 0.0815364 -0.0205710
v -0.0603554 0.0797666 -0.0193755
v -0.0417718 0.1039671 -0.0208329
v -0.0112040 0.0827133 -0.0384896
v -0.0231815 0.0816870 -0.0383292
v -0.0272332 0.0805710 -0.0366207
v -0.0354702 0.0801961 -0.0223259
v -0.0448642 0.0819979 -0.0204735
v -0.0506479 0.0823094 -0.0213659
v -0.0555226 0.0819276 -0.0213538
v -0.0880896 0.1113548 0.0185161
v -0.0720361 0.1110792 0.0453614
v -0.0333598 0.1698640 -0.0154490
v -0.0668390 0.0621705 0.0215768
v 0.0307306 0.0819690 -0.0200405
v 0.0162243 0.0864804 -0.0289520
v -0.0698556 0.1002789 -0.0148478
v -0.0638362 0.0817046 -0.0189089
v -0.0679148 0.0801363 -0.0171282
v -0.0457521 0.1634075 -0.0081780
v 0.0117275 0.0880108 -0.0308601
v 0.0073335 0.0852700 -0.0328294
v -0.0034356 0.0870179 -0.0364610
v -0.0269641 0.0845128 -0.0363617
v -0.0365534 0.0853162 -0.0225762
v -0.0387911 0.0852327 -0.0219176
v -0.0576769 0.0862583 -0.0210983
v -0.0625818 0.0863945 -0.0191693
v -0.0713953 0.1246885 -0.0085944
v 0.0148016 0.0990409 -0.0228429
v -0.0211629 0.1749185 -0.0219771
v -0.0148242 0.0872888 -0.0383171
v -0.0232858 0.0894680 -0.0360272
v -0.0515957 0.0844221 -0.0216010
v -0.0694810 0.0856565 -0.0171984
v -0.0709172 0.1075485 -0.0114966
v 0.0301453 0.0862840 -0.0204081
v -0.0555781 0.1156769 -0.0146460
v -0.0080981 0.0890701 -0.0365522
v -0.0812063 0.1120509 -0.0008830
v -0.0187722 0.0898380 -0.0369917
v -0.0211004 0.0865877 -0.0378491
v -0.0258099 0.0888896 -0.0350823
v -0.0489848 0.0907318 -0.0218172
v -0.0358749 0.0347760 -0.0308452
v -0.0331644 0.0336065 -0.0297219
v -0.0259640 0.0334870 -0.0263211
v -0.0167175 0.0336116 -0.0246254
v -0.0053486 0.0338290 -0.0226004
v 0.0064844 0.0342930 -0.0208549
v 0.0139503 0.0348800 -0.0186129
v -0.0424660 0.0341891 -0.0272606
v -0.0332411 0.0335788 -0.0267194
v 0.0062813 0.0341658 -0.0187642
v -0.0442658 0.0336637 -0.0219144
v -0.0236715 0.0336310 -0.0232178
v -0.0115586 0.0338954 -0.0210543
v -0.0020406 0.0340539 -0.0193311
v 0.0017324 0.0344597 -0.0166079
v -0.0273161 0.0339101 -0.0213537
v -0.0133711 0.0343616 -0.0190237
v 0.0095887 0.0342072 -0.0154241
v -0.0149815 0.0358782 -0.0179924
v -0.0023474 0.0359031 -0.0159297
v 0.0022544 0.0364115 -0.0147840
v -0.0351991 0.0338352 -0.0205083
v -0.0260755 0.0359186 -0.0194052
v 0.0082741 0.0356452 -0.0126487
v 0.0104736 0.0347426 -0.0112629
v 0.0140554 0.0344834 -0.0144957
v -0.0369705 0.0356804 -0.0150078
v -0.0024719 0.0384088 -0.0141590
v -0.0394819 0.0336182 -0.0236125
v -0.0410915 0.0340060 -0.0119975
v -0.0315898 0.0355923 -0.0192042
v -0.0200863 0.0380645 -0.0172208
v -0.0111132 0.0382903 -0.0156464
v 0.0044523 0.0377052 -0.0129577
v 0.0158705 0.0344162 -0.0029667
v -0.0478720 0.0341363 -0.0154183
v -0.0475216 0.0336227 -0.0128046
v -0.0334073 0.0375770 -0.0161582
v -0.0278515 0.0384043 -0.0172104
v -0.0085065 0.0390290 -0.0130008
v 0.0064553 0.0381652 -0.0101649
v 0.0074147 0.0346592 -0.0030117
v 0.0119662 0.0343354 -0.0059571
v 0.0204148 0.0355676 -0.0037807
v -0.0192888 0.0387626 -0.0142026
v -0.0011390 0.0391768 -0.0103814
v 0.0038149 0.0390245 -0.0080827
v 0.0075208 0.0367334 -0.0067614
v 0.0199681 0.0348440 -0.0018985
v -0.0450584 0.0336005 -0.0125275
v -0.0307548 0.0386398 -0.0140508
v -0.0514998 0.0337291 -0.0120825
v -0.0237569 0.0385857 -0.0110933
v 0.0039735 0.0382086 -0.0037963
v 0.0095485 0.0342326 0.0017162
v 0.0290866 0.0358000 0.0035631
v -0.0559652 0.0335299 -0.0091246
v -0.0195235 0.0385052 -0.0045435
v 0.0163635 0.0343948 0.0022949
v 0.0213247 0.0346240 0.0056444
v -0.0396703 0.0361740 -0.0073398
v -0.0142517 0.0386480 -0.0043030
v 0.0023262 0.0353482 0.0023246
v 0.0140143 0.0357038 0.0038879
v 0.0153228 0.0362397 0.0036629
v 0.0237531 0.0346707 0.0039885
v 0.0323692 0.0358160 0.0070246
v -0.0637159 0.0337769 -0.0080066
v -0.0642669 0.0335625 -0.0051253
v -0.0380666 0.0385186 -0.0073080
v -0.0094309 0.0388877 -0.0074849
v 0.0039678 0.0342002 0.0049755
v 0.0094293 0.0360304 0.0045275
v 0.0298590 0.0349801 0.0098349
v -0.0527301 0.0334979 -0.0018118
v -0.0412710 0.0338554 -0.0018801
v -0.0031105 0.0389462 -0.0027794
v 0.0062194 0.0351341 0.0065493
v 0.0208979 0.0359371 0.0087849
v 0.0356060 0.0365266 0.0098155
v -0.0670783 0.0338401 -0.0061688
v -0.0008114 0.0374242 0.0047721
v 0.0031492 0.0341253 0.0117622
v 0.0049172 0.0339971 0.0091666
v 0.0251308 0.0345469 0.0110126
v 0.0282486 0.0350464 0.0160167
v -0.0670330 0.0651460 0.0272929
v -0.0463802 0.0336052 -0.0008943
v -0.0331634 0.0381954 -0.0005252
v -0.0320742 0.0383234 -0.0004211
v -0.0216927 0.0382660 0.0045101
v 0.0239308 0.0348167 0.0177392
v 0.0427191 0.0399771 0.0089322
v -0.0586041 0.0334622 -0.0002167
v -0.0373144 0.0336330 0.0045725
v -0.0104240 0.0384886 0.0062293
v -0.0013897 0.0386514 0.0023966
v -0.0003084 0.0354625 0.0082607
v -0.0014089 0.0361931 0.0129446
v 0.0222529 0.0365833 0.0139797
v -0.0709618 0.0343457 -0.0007837
v -0.0690662 0.0337176 -0.0001976
v -0.0648256 0.0335059 0.0028222
v -0.0470597 0.0335019 0.0035646
v -0.0036954 0.0381728 0.0130468
v 0.0334758 0.0364473 0.0162670
v 0.0372496 0.0375099 0.0148158
v -0.0456759 0.0337036 0.0064300
v -0.0386393 0.0339373 0.0085507
v -0.0095064 0.0383526 0.0155707
v 0.0214998 0.0358071 0.0181694
v 0.0448765 0.0412310 0.0160083
v -0.0724740 0.0362559 0.0015533
v -0.0714981 0.0344530 0.0042026
v -0.0277909 0.0380629 0.0079376
v -0.0165564 0.0382865 0.0102158
v 0.0081044 0.0348429 0.0181346
v 0.0235895 0.0358906 0.0253377
v 0.0412613 0.0405851 0.0207519
v -0.0513509 0.0336457 0.0080329
v -0.0471043 0.0355495 0.0080804
v -0.0014103 0.0369999 0.0169820
v 0.0009171 0.0348034 0.0156347
v 0.0028888 0.0346363 0.0188498
v 0.0132792 0.0343795 0.0214237
v 0.0143227 0.0344255 0.0215932
v 0.0174901 0.0346463 0.0220409
v 0.0298685 0.0362488 0.0198722
v -0.0392220 0.0363262 0.0107899
v -0.0303071 0.0339954 0.0147064
v 0.0200812 0.0351727 0.0280188
v 0.0249890 0.0381046 0.0294296
v 0.0335841 0.0383039 0.0229287
v 0.0490157 0.0445736 0.0206595
v -0.0582260 0.0666073 0.0350503
v -0.0673308 0.0338464 0.0087266
v -0.0346923 0.0338287 0.0124386
v -0.0298032 0.0342870 0.0163531
v 0.0017024 0.0363109 0.0211796
v 0.0451370 0.0446254 0.0255165
v -0.0688765 0.1102218 0.0390046
v -0.0576806 0.0336227 0.0140403
v -0.0532105 0.0335853 0.0139870
v -0.0357116 0.0358916 0.0155029
v -0.0288615 0.0353967 0.0173500
v -0.0265805 0.0377426 0.0157053
v -0.0010974 0.0381478 0.0204270
v 0.0350477 0.0409739 0.0269704
v -0.0696855 0.0344788 0.0097984
v -0.0540190 0.0333099 0.0158480
v 0.0044817 0.0371178 0.0247553
v 0.0066605 0.0352047 0.0243159
v 0.0083833 0.0347487 0.0240573
v 0.0388831 0.0410330 0.0249766
v -0.0026442 0.0387271 0.0251313
v 0.0032222 0.0387084 0.0258988
v 0.0090016 0.0368909 0.0284822
v 0.0131970 0.0348358 0.0316310
v 0.0222916 0.0370533 0.0331010
v 0.0289484 0.0391600 0.0272348
v -0.0877735 0.1118141 0.0371443
v -0.0178705 0.0382039 0.0202432
v 0.0100874 0.0370477 0.0308225
v 0.0422966 0.0454358 0.0290409
v -0.0843413 0.1138801 0.0465135
v -0.0737957 0.1089563 0.0392172
v -0.0512433 0.0642392 0.0342580
v -0.0617774 0.0340179 0.0169006
v -0.0366651 0.0353042 0.0230320
v -0.0149302 0.0386435 0.0293783
v -0.0808945 0.1096722 0.0379102
v -0.0898226 0.1138720 0.0328453
v -0.0696555 0.0687284 0.0311279
v -0.0784498 0.1098883 0.0425179
v -0.0758241 0.1079490 0.0371288
v -0.0557406 0.0341281 0.0266744
v -0.0382796 0.0354290 0.0243806
v -0.0352833 0.0341798 0.0227449
v -0.0257981 0.0378650 0.0199815
v 0.0069064 0.0390043 0.0295485
v 0.0154490 0.0348524 0.0369849
v 0.0191282 0.0356406 0.0366423
v -0.0636650 0.0660478 0.0318281
v 0.0396048 0.0449395 0.0299924
v -0.0802943 0.0717024 0.0159953
v -0.0541854 0.0673227 0.0369356
v -0.0731102 0.1484717 -0.0287485
v -0.0590000 0.0737515 0.0411971
v -0.0595207 0.0610403 -0.0023754
v -0.0627918 0.0345968 0.0235056
v -0.0418955 0.0336683 0.0269400
v 0.0089808 0.0376394 0.0339008
v 0.0085288 0.0348880 0.0362651
v -0.0898039 0.1149811 0.0427716
v -0.0655454 0.0744304 0.0391681
v -0.0646442 0.0617232 0.0002255
v 0.0052497 0.0395071 0.0332712
v 0.0202503 0.0370332 0.0393272
v -0.0670064 0.0632929 -0.0017494
v -0.0644798 0.0606515 0.0042343
v -0.0572196 0.0570005 0.0049176
v -0.0743628 0.0724370 0.0314300
v -0.0620190 0.0343432 0.0318833
v -0.0468708 0.0344441 0.0305131
v -0.0208143 0.0384010 0.0278684
v 0.0164394 0.0356351 0.0412810
v -0.0690872 0.1120501 0.0453201
v -0.0718116 0.1486132 -0.0346395
v -0.0695388 0.0630748 0.0035758
v -0.0848639 0.0783921 0.0164620
v -0.0911888 0.1158889 0.0247055
v -0.0888278 0.1135917 0.0238736
v -0.0713028 0.1132536 0.0494445
v -0.0548769 0.0702823 0.0388282
v -0.0772089 0.1071589 0.0347383
v -0.0612418 0.0590074 0.0080917
v -0.0658856 0.0350251 0.0294165
v -0.0578894 0.0344196 0.0362658
v -0.0518477 0.0344703 0.0346352
v -0.0348346 0.0347214 0.0345782
v -0.0309847 0.0381919 0.0323901
v -0.0049613 0.0393649 0.0367022
v 0.0122242 0.0351775 0.0426206
v -0.0748982 0.1145886 0.0507765
v -0.0804691 0.1135796 0.0466434
v -0.0741076 0.0695860 0.0272644
v -0.0790026 0.0763393 0.0292481
v -0.0652971 0.0347790 0.0337443
v -0.0336564 0.0343441 0.0369141
v 0.0049318 0.0348148 0.0434621
v 0.0113474 0.0362130 0.0446523
v -0.0605693 0.0711545 0.0386538
v -0.0889795 0.1145087 0.0284460
v -0.0685435 0.0610905 0.0105578
v -0.0827110 0.1164898 0.0485185
v -0.0419132 0.0344677 0.0332000
v -0.0112898 0.0395292 0.0388441
v -0.0028262 0.0348853 0.0456114
v -0.0645612 0.0594841 0.0130617
v -0.0585814 0.0578015 0.0134295
v -0.0233200 0.0391695 0.0384733
v -0.0181599 0.0393223 0.0394029
v -0.0164714 0.0348128 0.0436847
v 0.0032907 0.0358335 0.0460246
v -0.0852296 0.1120071 0.0304169
v -0.0856447 0.1113172 0.0342348
v -0.0745304 0.0666807 0.0046953
v -0.0711130 0.0627515 0.0087996
v -0.0611494 0.0588344 0.0165394
v -0.0469123 0.0346272 0.0397397
v -0.0407603 0.0346682 0.0404925
v -0.0263231 0.0346580 0.0434735
v -0.0031837 0.0362299 0.0478731
v -0.0799405 0.1091668 0.0341198
v -0.0597122 0.0631653 0.0287892
v -0.0511766 0.0680619 0.0373983
v -0.0501266 0.0709331 0.0394810
v -0.0727901 0.0643999 0.0152059
v -0.0685112 0.0612146 0.0153541
v -0.0393432 0.0354402 0.0424926
v -0.0081306 0.0350083 0.0475024
v -0.0660807 0.0702027 0.0355529
v -0.0686026 0.1499228 -0.0400513
v -0.0717221 0.0670230 0.0249598
v -0.0751150 0.0665570 0.0102441
v -0.0651466 0.0359457 0.0397751
v -0.0368986 0.0359246 0.0447942
v -0.0094780 0.0359776 0.0494342
v -0.0851760 0.1170681 0.0481394
v -0.0633664 0.0627903 0.0256476
v -0.0666333 0.0610017 0.0181012
v -0.0581676 0.0599852 0.0226061
v -0.0642122 0.0349926 0.0394019
v -0.0534258 0.0345600 0.0427824
v -0.0180315 0.0348600 0.0492648
v -0.0114404 0.0376408 0.0502757
v -0.0751653 0.1115429 0.0467072
v -0.0771684 0.0698264 0.0050606
v -0.0728014 0.0643826 0.0120891
v -0.0780220 0.0709952 0.0213221
v -0.0612634 0.0346904 0.0419949
v -0.0544037 0.0350073 0.0448746
v -0.0457543 0.0352070 0.0435181
v -0.0338324 0.0351688 0.0469579
v -0.0286576 0.0350834 0.0505494
v -0.0153064 0.0352464 0.0501338
v -0.0652836 0.1559245 -0.0498659
v -0.0664679 0.1487154 -0.0315793
v -0.0620960 0.1638832 -0.0583859
v -0.0632749 0.1524573 -0.0322217
v -0.0437557 0.1477341 -0.0021433
v -0.0656969 0.1456163 -0.0189747
v -0.0667137 0.1535882 -0.0490971
v -0.0104828 0.1666829 -0.0217461
v -0.0627445 0.1639753 -0.0593983
v -0.0704132 0.1412920 -0.0084591
v -0.0615304 0.1403763 -0.0062735
v -0.0114525 0.1722063 -0.0268450
v -0.0637311 0.1657704 -0.0601036
v -0.0282188 0.1575814 -0.0109995
v -0.0184713 0.1596772 -0.0111695
v -0.0667007 0.1523678 -0.0452664
v -0.0498964 0.1467086 -0.0018614
v -0.0314496 0.1546046 -0.0076802
v -0.0674477 0.1550768 -0.0515942
v -0.0109066 0.1764930 -0.0292463
v -0.0720836 0.1496555 -0.0392659
v -0.0642308 0.1487781 -0.0258997
v -0.0630566 0.1434165 -0.0074908
v -0.0530434 0.1409255 -0.0004741
v -0.0392694 0.1520523 -0.0066204
v -0.0647969 0.1521062 -0.0361855
v -0.0644003 0.1583440 -0.0542564
v -0.0661781 0.1421835 -0.0093766
v -0.0677514 0.1460521 -0.0233333
v -0.0647316 0.1541007 -0.0404648
v -0.0242656 0.1568769 -0.0078509
v -0.0157232 0.1631234 -0.0163966
v -0.0708877 0.1440462 -0.0149085
v -0.0443418 0.1511381 -0.0056860
v -0.0628968 0.1469478 -0.0130986
v -0.0637554 0.1442887 -0.0113957
v -0.0682146 0.1439093 -0.0149842
v -0.0502714 0.1433656 0.0015153
v -0.0285356 0.1620848 -0.0147860
v -0.0658107 0.1435912 -0.0125854
v -0.0561792 0.1377441 -0.0040674
v -0.0688669 0.1472334 -0.0287399
v -0.0609654 0.1700211 -0.0608394
v -0.0138955 0.1678717 -0.0218972
v -0.0694130 0.1512185 -0.0445385
v -0.0550398 0.0573097 0.0169909
# 2503 vertices, 0 vertices normals

f 1069 1647 1578
f 1058 909 939
f 421 1176 238
f 1055 1101 1042
f 238 1059 1126
f 1254 30 1261
f 1065 1071 1
f 1037 1130 1120
f 1570 2381 1585
f 2434 2502 2473
f 1632 1654 1646
f 1144 1166 669
f 1202 1440 305
f 1071 1090 1
f 1555 1570 1584
f 1184 1174 404
f 65 432 12
f 1032 1085 574
f 1789 2207 2223
f 1154 1118 1184
f 1141 1086 1154
f 99 1117 342
f 404 1174 419
f 489 2000 1998
f 1118 1174 1184
f 1196 403 136
f 1495 717 1490
f 1804 402 1207
f 2272 1398 891
f 1100 1002 804
f 1596 1595 2381
f 208 420 1207
f 402 208 1207
f 1455 1935 1925
f 1176 1059 238
f 1150 1040 348
f 1957 1537 2051
f 1124 1189 939
f 1804 1207 1823
f 1381 1300 1109
f 383 384 1182
f 1085 1086 1141
f 1040 1046 132
f 220 1495 1188
f 420 261 1207
f 261 420 1065
f 1055 1133 1101
f 1054 421 403
f 182 1109 2
f 1181 1207 320
f 545 1570 1561
f 35 342 432
f 1024 574 1141
f 432 342 12
f 1489 1081 1547
f 1181 320 1805
f 1516 1683 1507
f 357 1117 1047
f 1561 1570 1555
f 1090 1196 1206
f 1047 1203 1051
f 1165 202 1121
f 1099 341 301
f 1174 240 419
f 922 921 833
f 1121 1080 385
f 815 21 1183
f 35 99 342
f 1083 398 262
f 106 94 1317
f 94 292 1317
f 292 95 1317
f 940 1039 1033
f 1300 1306 433
f 21 212 471
f 1120 1131 1037
f 833 921 688
f 1117 357 342
f 106 271 94
f 386 227 1375
f 1130 1044 1053
f 419 240 219
f 1255 1244 32
f 1557 1081 1489
f 2062 2120 2109
f 2034 2110 430
f 23 315 1111
f 291 94 271
f 291 292 94
f 50 386 95
f 964 734 665
f 1616 1585 1611
f 445 1084 402
f 574 1085 1141
f 1654 341 1653
f 220 1188 1640
f 342 69 12
f 417 261 328
f 292 50 95
f 204 227 386
f 50 204 386
f 1276 1471 1311
f 1206 1196 136
f 1033 1055 1042
f 1037 1044 1130
f 1180 320 417
f 1121 202 1080
f 325 203 271
f 291 76 292
f 292 237 50
f 2159 1696 1767
f 583 929 850
f 1584 1585 1616
f 1495 1490 1188
f 1557 1489 1660
f 1078 1069 1494
f 1972 1992 1971
f 183 1226 2000
f 325 429 203
f 292 76 237
f 1152 227 1143
f 1488 1412 1489
f 1638 1646 1653
f 1947 1869 2468
f 203 306 291
f 306 76 291
f 237 248 50
f 204 1143 227
f 2395 14 429
f 1502 881 2500
f 1 1090 202
f 1652 1653 1099
f 2117 1863 2496
f 50 248 204
f 160 792 994
f 884 888 857
f 544 2117 2496
f 1090 1206 202
f 2463 879 2492
f 429 306 203
f 498 188 418
f 865 884 857
f 994 998 1014
f 884 897 888
f 1795 948 1802
f 208 1035 1071
f 1065 1 1066
f 377 435 1377
f 304 429 14
f 304 306 429
f 73 60 74
f 248 592 204
f 846 2264 829
f 897 912 906
f 1004 991 992
f 1422 1421 1233
f 980 10 303
f 1058 922 909
f 2436 2449 2418
f 394 435 377
f 435 475 446
f 475 474 446
f 336 337 361
f 338 235 372
f 624 148 129
f 812 306 596
f 1726 992 1019
f 945 1514 1511
f 1069 1627 1628
f 1812 1823 1181
f 1165 1121 169
f 447 475 435
f 2487 2458 901
f 42 59 46
f 401 7 187
f 1010 970 797
f 1513 220 1640
f 2474 2491 2462
f 594 307 1014
f 398 1513 1640
f 307 594 1026
f 545 2381 1570
f 403 421 238
f 445 402 127
f 1611 1631 1616
f 1805 1180 1148
f 394 447 435
f 2341 2413 2376
f 75 74 60
f 541 47 42
f 47 59 42
f 541 42 28
f 917 931 1103
f 897 906 883
f 2484 2068 779
f 888 883 857
f 261 1065 328
f 363 1307 349
f 377 363 394
f 444 747 464
f 323 338 362
f 92 116 74
f 592 634 97
f 982 1027 1004
f 1020 982 1004
f 1084 1054 1035
f 208 402 1084
f 421 1119 1176
f 1207 1181 1823
f 1179 1187 1160
f 263 296 1343
f 1298 296 1307
f 1307 296 349
f 405 363 349
f 405 394 363
f 405 447 394
f 362 372 384
f 338 372 362
f 983 1004 987
f 122 134 139
f 415 440 414
f 75 92 74
f 226 186 246
f 796 787 700
f 1119 1059 1176
f 122 114 91
f 624 129 116
f 641 558 631
f 1311 1318 1487
f 100 1162 1170
f 1653 341 1099
f 1316 1983 273
f 263 277 296
f 296 358 349
f 436 447 405
f 109 554 570
f 504 1385 2501
f 115 122 91
f 2068 2460 779
f 43 777 163
f 378 405 349
f 358 378 349
f 448 447 436
f 448 476 447
f 78 77 108
f 75 60 47
f 1764 2481 1795
f 717 714 1512
f 1490 717 1501
f 238 1126 168
f 1878 1866 826
f 2025 2360 2367
f 251 278 263
f 278 277 263
f 277 318 296
f 296 318 358
f 318 350 358
f 378 436 405
f 384 372 1182
f 454 440 415
f 987 1004 992
f 493 476 448
f 323 788 338
f 403 238 136
f 1565 1503 1474
f 297 277 278
f 297 318 277
f 358 350 378
f 378 388 436
f 476 493 500
f 73 105 60
f 323 337 312
f 953 1573 2358
f 142 161 119
f 454 443 440
f 1862 1871 1405
f 297 319 318
f 560 47 541
f 170 1323 111
f 357 1047 1050
f 1119 98 1059
f 1838 1877 1900
f 2359 230 251
f 350 364 378
f 449 448 436
f 449 493 448
f 185 186 226
f 443 469 479
f 874 165 2480
f 463 444 464
f 64 105 91
f 1182 440 1129
f 1958 1651 2502
f 1238 2034 191
f 251 279 278
f 278 279 297
f 364 388 378
f 483 493 449
f 134 148 139
f 244 268 259
f 910 942 930
f 105 115 91
f 24 30 18
f 1132 487 1059
f 1869 1947 2021
f 2497 2494 2463
f 2359 2385 230
f 230 280 251
f 251 280 279
f 279 308 297
f 297 308 319
f 319 364 318
f 364 350 318
f 388 395 436
f 436 395 449
f 493 472 500
f 122 129 134
f 125 142 124
f 373 400 393
f 24 557 30
f 2264 2278 2251
f 1261 30 1269
f 1730 1862 1877
f 252 280 230
f 343 364 319
f 364 343 388
f 63 64 91
f 399 393 416
f 416 444 463
f 162 189 142
f 768 373 326
f 189 661 177
f 189 199 661
f 847 887 864
f 533 747 444
f 1744 1022 1418
f 1170 524 729
f 121 1342 128
f 1236 1244 26
f 280 281 279
f 281 308 279
f 343 319 308
f 343 365 388
f 388 365 395
f 365 406 395
f 406 449 395
f 483 477 493
f 477 491 472
f 493 477 472
f 78 109 77
f 166 174 196
f 481 150 814
f 63 59 64
f 326 373 393
f 643 260 43
f 230 253 252
f 449 441 483
f 441 477 483
f 415 416 463
f 226 246 245
f 464 470 454
f 323 362 337
f 52 37 1283
f 253 281 252
f 281 280 252
f 309 308 281
f 330 343 308
f 366 365 343
f 441 449 406
f 464 814 15
f 883 906 887
f 337 362 371
f 479 498 290
f 247 746 1003
f 25 37 557
f 640 930 669
f 2486 2499 2459
f 309 330 308
f 343 330 366
f 441 437 477
f 290 498 418
f 124 119 108
f 77 124 108
f 589 125 109
f 570 589 109
f 125 162 142
f 1045 433 1034
f 1207 261 320
f 2004 2474 2495
f 1215 1228 2285
f 365 396 406
f 396 422 406
f 422 437 441
f 406 422 441
f 59 47 60
f 51 78 66
f 361 371 383
f 196 215 214
f 463 454 415
f 27 41 535
f 53 1283 37
f 84 1299 1283
f 1805 320 1180
f 254 253 222
f 254 281 253
f 309 366 330
f 396 365 366
f 456 477 437
f 484 491 477
f 2480 2485 2493
f 418 188 187
f 53 85 1283
f 85 84 1283
f 420 1071 1065
f 264 281 254
f 298 309 281
f 368 366 367
f 368 396 366
f 1639 1564 1139
f 560 48 47
f 82 471 212
f 25 38 37
f 202 1206 1080
f 264 298 281
f 298 331 309
f 309 331 366
f 331 367 366
f 396 368 422
f 422 456 437
f 491 1192 313
f 1699 2064 1710
f 462 443 479
f 371 362 384
f 2502 2476 2464
f 371 384 383
f 21 732 212
f 1571 1629 1627
f 38 39 53
f 37 38 53
f 39 85 53
f 1173 1184 404
f 1006 2142 1674
f 201 255 254
f 255 264 254
f 368 407 422
f 450 456 422
f 450 484 456
f 456 484 477
f 314 1192 491
f 2027 2501 2489
f 2475 2471 2488
f 551 492 732
f 464 481 814
f 1081 1494 1547
f 201 231 255
f 407 450 422
f 484 494 491
f 494 327 491
f 327 314 491
f 876 797 995
f 847 856 829
f 125 143 162
f 134 129 148
f 1564 1571 1627
f 417 320 261
f 328 1065 1066
f 170 156 201
f 156 231 201
f 231 282 255
f 282 264 255
f 450 485 484
f 484 485 494
f 2463 2486 2479
f 159 185 167
f 492 68 212
f 732 492 212
f 68 82 212
f 1311 1471 1296
f 101 156 111
f 332 264 282
f 332 298 264
f 332 331 298
f 331 332 367
f 407 423 450
f 450 423 485
f 804 1002 1443
f 2484 779 946
f 689 443 462
f 440 689 1129
f 166 167 174
f 38 31 39
f 112 145 101
f 101 145 156
f 156 256 231
f 332 423 368
f 367 332 368
f 368 423 407
f 946 779 920
f 1432 1261 1449
f 461 478 453
f 464 15 470
f 31 54 39
f 39 54 85
f 86 101 85
f 145 210 156
f 282 283 332
f 283 369 332
f 369 423 332
f 423 408 485
f 854 876 965
f 78 108 66
f 440 443 689
f 374 2465 961
f 929 519 979
f 54 86 85
f 156 241 256
f 256 282 231
f 256 283 282
f 389 423 369
f 389 408 423
f 408 457 485
f 457 49 485
f 485 49 494
f 494 135 327
f 175 83 314
f 1167 1140 1483
f 196 174 215
f 697 16 68
f 1038 82 16
f 140 117 141
f 1654 1653 1646
f 1234 54 31
f 86 112 101
f 210 241 156
f 923 917 911
f 697 34 16
f 145 193 210
f 256 265 283
f 265 310 283
f 283 310 369
f 310 344 369
f 344 370 369
f 370 389 369
f 409 408 389
f 409 466 408
f 466 457 408
f 466 49 457
f 49 135 494
f 174 225 215
f 1014 766 602
f 826 2220 2215
f 1078 1494 1081
f 1273 70 86
f 120 112 86
f 146 145 112
f 146 193 145
f 265 256 241
f 223 265 241
f 486 49 466
f 175 327 135
f 105 122 115
f 480 15 681
f 225 234 215
f 731 34 697
f 86 54 1273
f 70 120 86
f 193 241 210
f 299 310 265
f 310 333 344
f 344 351 370
f 424 466 409
f 135 49 175
f 214 215 234
f 48 75 47
f 34 9 1038
f 16 34 1038
f 203 291 271
f 9 558 754
f 1195 397 1120
f 120 146 112
f 146 194 193
f 266 265 223
f 266 299 265
f 299 333 310
f 333 351 344
f 382 383 392
f 399 416 415
f 266 333 299
f 351 352 370
f 424 486 466
f 487 175 49
f 7 117 187
f 1182 414 440
f 41 42 46
f 290 289 497
f 2502 2464 2473
f 372 399 414
f 1570 1585 1584
f 1066 1 1165
f 1 202 1165
f 120 70 102
f 157 146 120
f 194 223 193
f 223 241 193
f 352 379 370
f 370 379 389
f 410 409 389
f 2478 1409 1958
f 806 945 1002
f 157 194 146
f 267 266 223
f 267 333 266
f 379 410 389
f 410 438 409
f 438 424 409
f 190 205 143
f 337 371 361
f 2215 830 826
f 1631 1646 1638
f 102 157 120
f 157 195 194
f 195 223 194
f 195 211 223
f 223 211 267
f 267 300 333
f 300 334 351
f 333 300 351
f 351 334 352
f 410 411 438
f 438 486 424
f 487 49 486
f 875 594 989
f 108 581 66
f 225 245 244
f 312 336 335
f 151 754 107
f 274 1386 300
f 352 334 379
f 923 1729 1096
f 244 245 268
f 463 464 454
f 414 399 415
f 15 480 470
f 1647 1069 1078
f 909 922 833
f 387 417 328
f 133 157 102
f 1314 133 102
f 133 195 157
f 1148 1179 1160
f 1046 1167 182
f 379 411 410
f 792 339 229
f 391 7 668
f 185 226 174
f 461 290 497
f 2027 504 2501
f 1196 1054 403
f 728 1019 752
f 2459 2483 2461
f 1291 1264 55
f 133 1356 195
f 195 1356 211
f 412 438 411
f 4 486 438
f 458 4 438
f 4 487 486
f 1720 1572 1771
f 245 275 268
f 1869 2021 2059
f 235 399 372
f 64 60 105
f 836 2492 879
f 1315 133 1314
f 1331 1382 1356
f 1310 926 1128
f 7 1121 117
f 119 161 611
f 380 379 334
f 379 380 411
f 467 4 458
f 495 487 4
f 495 1126 487
f 416 400 533
f 479 469 498
f 74 116 73
f 478 461 497
f 393 400 416
f 61 1291 55
f 505 1999 2474
f 1999 2491 2474
f 199 189 36
f 1164 1165 169
f 1179 387 249
f 390 411 380
f 411 390 412
f 458 438 412
f 495 168 1126
f 480 469 470
f 116 122 105
f 418 187 140
f 185 174 167
f 166 148 167
f 470 469 443
f 40 55 32
f 61 71 1291
f 71 103 1291
f 1184 1173 1154
f 634 514 97
f 425 458 412
f 917 923 931
f 2472 2489 853
f 754 641 567
f 44 567 1163
f 454 470 443
f 40 32 1249
f 33 40 1249
f 56 55 40
f 56 61 55
f 451 1265 439
f 1180 417 1179
f 1099 301 1077
f 1189 1058 939
f 1059 221 1132
f 598 1074 1075
f 412 426 425
f 650 186 185
f 234 244 259
f 226 245 225
f 1033 1042 1030
f 2492 836 247
f 7 169 1121
f 1462 1322 1482
f 425 467 458
f 496 4 467
f 1751 2468 2480
f 290 418 140
f 326 789 762
f 142 177 161
f 165 1751 2480
f 87 103 71
f 103 87 104
f 1180 1179 1148
f 417 387 1179
f 2081 2060 2031
f 1154 1173 1141
f 181 131 197
f 442 425 426
f 614 144 143
f 876 1010 797
f 40 45 56
f 56 45 61
f 87 71 61
f 1563 1437 1590
f 1121 385 117
f 1148 1160 1137
f 1449 1459 1439
f 1028 2462 929
f 442 459 425
f 459 467 425
f 168 495 4
f 496 168 4
f 1763 1403 1444
f 140 187 117
f 244 234 225
f 246 740 269
f 372 414 1182
f 40 547 45
f 45 62 61
f 62 87 61
f 87 88 104
f 1084 517 1054
f 387 328 1064
f 2467 2497 2485
f 286 1363 302
f 205 189 162
f 290 140 289
f 214 234 224
f 393 399 809
f 315 1131 397
f 302 321 353
f 1164 169 391
f 427 459 442
f 217 496 467
f 217 168 496
f 978 969 2074
f 361 383 382
f 269 276 245
f 1440 11 305
f 62 88 87
f 328 1066 1064
f 1066 1165 1164
f 242 287 302
f 1363 242 302
f 287 321 302
f 1179 249 1187
f 983 1020 1004
f 464 747 481
f 788 323 276
f 269 245 246
f 88 89 1325
f 171 172 242
f 360 353 321
f 360 1354 353
f 1057 1064 1164
f 2184 2188 2183
f 460 459 451
f 460 467 459
f 149 168 217
f 149 136 168
f 116 129 122
f 109 124 77
f 159 167 148
f 28 42 41
f 57 88 62
f 45 57 62
f 1336 1325 89
f 89 72 1336
f 147 172 171
f 172 258 242
f 258 257 242
f 257 287 242
f 257 321 287
f 345 360 321
f 360 381 1354
f 1069 938 1655
f 387 473 249
f 270 217 467
f 130 136 149
f 851 847 829
f 983 987 975
f 189 177 142
f 88 72 89
f 184 258 172
f 257 288 321
f 1265 451 459
f 270 149 217
f 226 225 174
f 27 28 41
f 109 125 124
f 547 57 45
f 57 58 88
f 88 58 72
f 2476 2484 2458
f 147 184 172
f 184 213 258
f 258 243 257
f 243 288 257
f 345 321 288
f 391 169 7
f 468 460 451
f 468 488 460
f 270 467 460
f 488 270 460
f 1206 136 130
f 481 793 150
f 143 205 162
f 142 119 124
f 58 90 72
f 90 128 72
f 147 173 184
f 173 213 184
f 213 233 258
f 258 233 243
f 354 360 345
f 354 381 360
f 1026 991 307
f 268 312 259
f 1206 130 1080
f 116 105 73
f 139 148 166
f 275 312 268
f 188 401 187
f 2479 2459 2461
f 58 63 90
f 1064 1066 1164
f 1064 473 387
f 288 311 345
f 311 354 345
f 996 994 307
f 452 468 439
f 452 478 468
f 478 488 468
f 141 130 149
f 1564 1639 1563
f 547 41 57
f 2081 2107 2060
f 382 381 354
f 497 270 488
f 289 149 270
f 289 141 149
f 114 122 139
f 59 60 64
f 275 323 312
f 401 668 7
f 41 46 57
f 57 46 58
f 1459 1345 1269
f 1342 121 158
f 166 173 158
f 213 224 233
f 233 259 243
f 243 322 288
f 322 311 288
f 453 478 452
f 497 289 270
f 912 911 906
f 276 323 275
f 276 275 245
f 46 63 58
f 90 121 128
f 173 214 213
f 213 214 224
f 259 322 243
f 336 311 322
f 336 354 311
f 361 382 354
f 1043 439 1290
f 497 488 478
f 385 130 141
f 385 1080 130
f 144 190 143
f 535 41 547
f 121 166 158
f 335 336 322
f 354 336 361
f 2004 2481 1764
f 698 439 1043
f 289 140 141
f 923 1096 931
f 650 185 159
f 46 59 63
f 63 91 90
f 90 114 121
f 121 139 166
f 173 196 214
f 259 335 322
f 2478 2502 2434
f 312 337 336
f 90 91 114
f 114 139 121
f 166 196 173
f 224 234 233
f 234 259 233
f 259 312 335
f 1124 916 1189
f 542 541 530
f 462 479 290
f 269 783 276
f 813 567 641
f 276 783 788
f 82 1038 1333
f 816 701 703
f 672 137 603
f 625 635 624
f 2457 2439 1973
f 767 533 529
f 2468 1869 2480
f 662 190 639
f 711 720 719
f 630 639 614
f 161 654 638
f 781 991 982
f 1227 31 516
f 648 639 630
f 630 614 590
f 2098 544 1899
f 578 579 586
f 697 492 551
f 529 533 400
f 869 859 870
f 1732 924 914
f 1004 1027 991
f 801 591 603
f 636 676 651
f 876 949 965
f 2207 1789 1859
f 76 739 237
f 188 681 15
f 578 604 599
f 797 616 995
f 510 2035 1365
f 76 812 617
f 617 739 76
f 1468 93 1765
f 596 546 812
f 1457 1305 1477
f 760 197 150
f 671 773 765
f 586 609 604
f 591 700 632
f 476 2312 474
f 2084 2027 2489
f 582 590 571
f 1555 2449 1996
f 674 546 596
f 812 655 617
f 161 177 661
f 599 604 636
f 700 787 576
f 776 675 572
f 776 674 675
f 617 634 739
f 591 632 649
f 612 546 674
f 617 655 634
f 728 752 706
f 571 2311 2305
f 775 674 776
f 775 612 674
f 612 628 546
f 546 628 812
f 812 628 655
f 620 630 615
f 620 648 630
f 667 653 646
f 810 782 785
f 150 197 814
f 534 1517 2000
f 702 572 2378
f 748 776 572
f 655 613 634
f 911 917 905
f 648 679 662
f 727 771 713
f 750 807 799
f 639 190 144
f 662 679 200
f 702 748 572
f 775 776 748
f 628 718 655
f 626 658 645
f 791 778 790
f 612 811 628
f 613 514 634
f 1380 1756 1673
f 570 590 614
f 720 741 719
f 1074 795 835
f 614 639 144
f 612 775 811
f 718 735 655
f 655 735 613
f 798 338 788
f 636 652 676
f 571 590 555
f 528 730 687
f 690 702 2312
f 476 690 2312
f 811 718 628
f 721 778 727
f 748 702 690
f 735 686 613
f 1517 2002 2127
f 654 685 667
f 569 588 606
f 513 531 538
f 538 549 548
f 549 553 548
f 550 588 549
f 1903 869 870
f 691 775 748
f 691 600 775
f 600 811 775
f 811 563 718
f 563 736 718
f 718 736 735
f 736 647 735
f 735 647 686
f 686 745 613
f 745 514 613
f 569 606 605
f 654 667 638
f 851 857 847
f 588 569 549
f 690 691 748
f 680 514 745
f 2127 2002 2094
f 747 701 481
f 400 373 529
f 600 536 811
f 536 563 811
f 1306 227 1152
f 522 24 18
f 523 24 522
f 865 857 851
f 2031 2060 1540
f 767 701 747
f 618 652 609
f 652 636 609
f 573 22 710
f 642 699 730
f 1522 1518 2476
f 500 629 691
f 690 500 691
f 691 629 600
f 780 644 641
f 579 578 561
f 131 668 197
f 197 668 814
f 789 809 798
f 622 760 150
f 621 563 536
f 673 745 686
f 673 818 745
f 818 680 745
f 680 96 514
f 2495 2462 1028
f 1028 583 575
f 663 794 664
f 629 761 600
f 761 757 600
f 600 757 536
f 621 696 563
f 755 736 563
f 696 755 563
f 633 736 755
f 633 647 736
f 623 686 647
f 633 623 647
f 686 623 673
f 819 680 818
f 680 819 96
f 1729 1677 1096
f 2482 1899 2471
f 537 536 757
f 536 537 621
f 673 819 818
f 2428 222 230
f 25 24 523
f 25 557 24
f 38 25 19
f 710 22 272
f 663 759 794
f 1120 878 1195
f 537 696 621
f 696 633 755
f 822 2215 2220
f 97 96 1053
f 750 784 743
f 887 905 864
f 768 784 373
f 512 513 548
f 573 664 22
f 696 715 633
f 673 521 819
f 2454 2453 2445
f 883 887 847
f 306 812 76
f 642 528 759
f 798 809 235
f 994 792 998
f 587 626 586
f 1900 1918 1937
f 645 652 618
f 537 786 696
f 521 593 819
f 515 19 523
f 741 749 719
f 789 326 809
f 539 581 550
f 657 777 723
f 684 713 660
f 692 712 720
f 652 666 692
f 507 761 629
f 472 507 629
f 507 757 761
f 623 633 673
f 724 521 673
f 515 516 19
f 304 675 674
f 178 778 721
f 947 1447 2358
f 626 645 618
f 586 626 618
f 784 768 742
f 753 537 757
f 537 753 786
f 724 981 521
f 521 981 593
f 979 559 850
f 637 660 677
f 787 631 576
f 141 117 385
f 809 399 235
f 641 754 558
f 542 553 561
f 742 768 762
f 444 416 533
f 528 687 796
f 813 598 566
f 1490 1501 1557
f 753 757 507
f 786 715 696
f 633 724 673
f 2090 2062 2109
f 646 653 660
f 660 694 683
f 677 660 683
f 1872 839 838
f 1224 18 30
f 326 393 809
f 799 529 373
f 313 507 472
f 715 774 633
f 974 699 841
f 703 820 816
f 692 711 676
f 1014 355 766
f 875 752 1019
f 627 646 660
f 711 692 720
f 652 692 676
f 799 373 784
f 813 566 567
f 2462 2482 2475
f 764 644 780
f 1479 1924 1916
f 753 738 786
f 738 607 786
f 786 607 715
f 715 524 774
f 633 774 724
f 559 979 672
f 758 798 783
f 683 694 705
f 820 703 562
f 764 687 644
f 744 743 725
f 313 753 507
f 607 524 715
f 664 801 22
f 646 627 610
f 800 820 562
f 750 769 807
f 767 747 533
f 578 586 604
f 862 593 981
f 688 2382 1083
f 306 304 674
f 738 584 607
f 168 136 238
f 773 552 765
f 2473 2464 2458
f 773 793 552
f 626 619 658
f 1007 1139 1013
f 562 529 799
f 744 750 743
f 659 683 693
f 677 683 659
f 313 737 753
f 753 737 738
f 607 729 524
f 27 518 28
f 553 569 580
f 657 163 777
f 580 569 605
f 789 798 758
f 769 562 807
f 820 671 816
f 638 646 611
f 1074 598 644
f 750 799 784
f 1931 907 898
f 2483 2487 2461
f 737 584 738
f 1439 1438 1431
f 2098 1213 544
f 48 578 75
f 796 631 787
f 815 732 21
f 581 588 550
f 625 636 651
f 778 1011 810
f 693 705 725
f 693 683 705
f 236 1921 1966
f 584 729 607
f 2237 1866 2227
f 530 541 28
f 237 739 248
f 512 530 28
f 727 778 771
f 684 727 713
f 2237 2220 826
f 542 561 560
f 528 796 700
f 808 785 671
f 739 592 248
f 895 905 896
f 740 246 186
f 272 137 979
f 770 769 744
f 712 742 720
f 1213 2026 544
f 1888 1235 2438
f 555 554 2311
f 737 313 1192
f 1585 1612 1611
f 695 721 685
f 518 17 28
f 769 770 562
f 719 749 740
f 648 669 679
f 773 657 723
f 606 637 619
f 2072 2062 2042
f 606 619 626
f 549 569 553
f 161 638 611
f 910 917 942
f 917 1103 942
f 991 1026 992
f 979 137 672
f 785 163 657
f 710 2488 2472
f 611 581 119
f 808 671 820
f 1820 1900 1870
f 759 700 591
f 637 677 619
f 2494 2490 2463
f 671 765 816
f 687 764 780
f 1019 992 1026
f 1726 1719 987
f 713 771 694
f 51 2355 78
f 510 526 525
f 525 526 1249
f 526 33 1249
f 2311 554 2335
f 827 848 840
f 603 591 649
f 758 269 740
f 1595 1612 1586
f 1694 1048 1699
f 682 740 186
f 22 801 603
f 555 570 554
f 1053 110 97
f 615 582 601
f 814 668 188
f 725 705 744
f 528 700 759
f 640 648 620
f 703 701 562
f 886 892 582
f 631 731 576
f 1087 1835 1747
f 882 864 895
f 956 950 1103
f 1502 2500 2470
f 205 190 200
f 815 878 616
f 616 878 995
f 1183 878 815
f 1601 1827 881
f 527 535 526
f 2184 2183 2175
f 1142 1125 1133
f 235 338 798
f 160 339 792
f 599 92 75
f 598 1116 566
f 631 558 731
f 771 770 744
f 730 528 642
f 841 699 642
f 668 401 188
f 510 527 526
f 749 758 740
f 706 721 695
f 694 726 705
f 694 744 726
f 906 911 905
f 661 695 161
f 708 815 616
f 535 547 33
f 794 759 591
f 778 808 790
f 269 758 783
f 771 744 694
f 800 808 820
f 571 886 582
f 854 948 1010
f 906 905 887
f 625 651 635
f 2000 1226 534
f 2140 1504 2016
f 601 620 615
f 620 601 640
f 648 640 669
f 698 452 439
f 671 785 657
f 1561 2356 545
f 685 653 667
f 685 727 684
f 568 616 797
f 708 732 815
f 93 229 339
f 865 851 839
f 942 1103 950
f 589 614 125
f 606 610 627
f 951 834 873
f 92 599 625
f 1878 830 1902
f 2482 2098 1899
f 568 708 616
f 708 551 732
f 2434 2487 2483
f 160 964 665
f 2316 2391 2309
f 762 758 749
f 570 614 589
f 888 897 883
f 2000 1517 1388
f 685 721 727
f 588 610 606
f 653 685 684
f 651 650 635
f 760 1151 6
f 793 622 150
f 651 676 650
f 744 769 750
f 541 542 560
f 476 500 690
f 473 1064 1057
f 561 578 560
f 636 625 599
f 876 995 949
f 829 856 846
f 682 704 740
f 791 790 770
f 2466 2500 2460
f 579 587 586
f 1352 1208 1095
f 1684 1479 1916
f 604 609 636
f 751 721 706
f 810 608 782
f 672 603 649
f 475 447 476
f 794 591 801
f 682 186 650
f 808 800 790
f 644 598 813
f 704 719 740
f 1011 608 810
f 1192 584 737
f 687 780 796
f 2337 474 2312
f 638 667 646
f 706 1186 728
f 733 575 568
f 595 551 708
f 595 540 551
f 1308 501 1852
f 665 339 160
f 527 2447 535
f 558 9 731
f 723 793 773
f 660 713 694
f 693 725 666
f 562 767 529
f 550 538 531
f 2267 2287 2233
f 996 964 160
f 2068 2470 2466
f 704 711 719
f 741 762 749
f 605 606 626
f 548 542 530
f 995 878 709
f 1898 1684 1916
f 778 791 771
f 782 163 785
f 789 758 762
f 857 883 847
f 733 970 1028
f 838 829 825
f 2447 511 535
f 22 603 137
f 705 726 744
f 605 587 580
f 512 548 530
f 743 784 742
f 790 800 770
f 778 810 808
f 1014 998 355
f 708 568 595
f 656 697 551
f 540 656 551
f 143 125 614
f 1000 1020 983
f 778 178 1011
f 676 704 682
f 637 627 660
f 606 627 637
f 701 552 481
f 808 810 785
f 590 570 555
f 716 595 568
f 2355 2335 554
f 912 1729 911
f 1076 1456 1546
f 697 68 492
f 676 711 704
f 839 851 838
f 1028 575 733
f 1020 844 982
f 716 568 575
f 844 781 982
f 1238 2156 2034
f 553 580 561
f 580 579 561
f 452 461 453
f 560 578 48
f 564 540 595
f 632 656 540
f 564 632 540
f 75 578 599
f 518 27 535
f 511 518 535
f 783 798 788
f 642 759 663
f 720 742 741
f 605 626 587
f 580 587 579
f 725 712 666
f 562 701 767
f 1729 923 911
f 712 743 742
f 619 677 658
f 161 695 654
f 770 800 562
f 2084 2489 2472
f 575 559 716
f 716 564 595
f 654 695 685
f 843 855 2064
f 34 731 9
f 527 510 1973
f 723 622 793
f 992 1726 987
f 693 666 652
f 2472 853 573
f 624 159 148
f 671 657 773
f 681 188 498
f 797 970 733
f 565 656 632
f 565 697 656
f 565 731 697
f 1949 951 920
f 85 111 84
f 662 200 190
f 44 324 754
f 33 547 40
f 658 693 652
f 658 652 645
f 664 794 801
f 666 712 692
f 639 648 662
f 611 646 610
f 850 559 575
f 1447 2490 1106
f 1972 1955 1935
f 582 615 590
f 66 581 539
f 780 641 631
f 796 780 631
f 1049 1192 83
f 1348 13 1519
f 799 807 562
f 581 611 588
f 687 795 644
f 663 8 642
f 1936 1972 1935
f 650 676 682
f 615 630 590
f 730 795 687
f 742 762 741
f 548 553 542
f 1048 1692 1074
f 658 659 693
f 37 52 30
f 611 610 588
f 649 632 564
f 565 576 731
f 2138 922 1058
f 1204 854 965
f 725 743 712
f 644 813 641
f 660 653 684
f 771 791 770
f 644 795 1074
f 469 480 681
f 559 672 564
f 716 559 564
f 672 649 564
f 2161 1378 2171
f 474 475 476
f 816 765 701
f 765 552 701
f 513 538 548
f 754 324 107
f 609 586 618
f 25 523 19
f 677 659 658
f 689 452 698
f 1334 1115 1353
f 700 565 632
f 700 576 565
f 481 552 793
f 763 901 2458
f 550 549 538
f 781 964 996
f 1596 1634 1595
f 198 916 1124
f 198 1124 341
f 842 973 1025
f 842 1025 836
f 1009 1024 934
f 573 710 2472
f 1100 971 1002
f 1501 1081 1557
f 1225 1219 955
f 413 2138 284
f 955 1630 522
f 341 1124 301
f 2333 2376 2350
f 1107 218 284
f 398 925 1513
f 1513 1442 1495
f 1935 1455 1744
f 1723 1935 1744
f 825 1872 838
f 1495 1442 1496
f 963 1024 1009
f 1511 1514 966
f 1775 1729 912
f 688 262 1067
f 714 1007 1512
f 919 1732 914
f 2319 2331 2304
f 2400 2407 2391
f 1674 2164 1780
f 843 927 899
f 1660 988 1188
f 1067 262 1640
f 1381 1109 1483
f 1437 1381 1483
f 2495 1010 948
f 1514 1289 1313
f 899 374 961
f 1438 1430 1422
f 1634 1095 1632
f 2487 973 2461
f 1003 499 874
f 849 848 827
f 1430 1462 1453
f 2496 2084 2471
f 909 10 980
f 730 927 835
f 2031 1540 1536
f 831 849 2178
f 881 834 951
f 1841 1722 1803
f 1005 670 1020
f 1021 670 1005
f 1869 2059 2467
f 903 902 1939
f 2476 2502 1651
f 853 8 573
f 1850 831 2178
f 934 746 247
f 934 65 746
f 301 285 1077
f 968 944 977
f 970 2495 1028
f 974 2465 374
f 899 927 374
f 1882 1898 1916
f 1613 1634 1596
f 909 833 1396
f 2492 247 1003
f 919 914 1931
f 1459 1299 1458
f 1634 1632 1633
f 844 670 228
f 2494 2497 2467
f 901 973 2487
f 228 1772 734
f 1701 1709 1666
f 963 574 1024
f 847 864 856
f 1730 1736 2239
f 870 859 848
f 2074 2111 2103
f 1140 1590 1483
f 927 730 974
f 2103 978 2074
f 756 1745 1718
f 848 859 840
f 1296 1482 1320
f 2331 51 66
f 1067 988 962
f 1396 833 1445
f 1001 1005 1000
f 901 1009 973
f 1099 1077 817
f 933 944 936
f 952 958 1828
f 988 1660 986
f 833 1067 1445
f 1067 1640 988
f 218 413 284
f 1843 180 347
f 1846 1708 1798
f 2469 2477 855
f 1006 1021 1005
f 381 382 250
f 2369 828 531
f 968 977 1001
f 2460 1949 779
f 1194 1441 1115
f 1001 1000 968
f 756 678 1745
f 963 1009 901
f 2471 2084 2472
f 841 642 8
f 982 991 1027
f 670 844 1020
f 1289 1514 945
f 869 904 890
f 1161 1115 1639
f 823 2178 849
f 746 12 499
f 263 428 2366
f 1685 1075 1692
f 1002 926 806
f 1799 1755 216
f 944 968 993
f 943 944 993
f 31 38 19
f 531 828 550
f 1501 1078 1081
f 1921 1149 431
f 936 943 932
f 1660 1489 1412
f 301 980 285
f 903 918 902
f 869 890 868
f 890 903 867
f 1003 746 499
f 951 1949 2500
f 990 841 853
f 1595 1634 1611
f 374 927 974
f 836 1025 247
f 1653 1652 1638
f 1303 1545 1142
f 1616 1631 1638
f 1629 1546 1628
f 936 932 913
f 513 506 531
f 868 890 867
f 2330 2369 2353
f 924 918 914
f 907 914 904
f 1258 1421 1267
f 301 939 980
f 1472 1482 1296
f 868 867 859
f 472 491 313
f 272 519 2488
f 1471 1472 1296
f 1025 934 247
f 1634 1633 1611
f 2176 1847 2177
f 1310 1289 806
f 924 933 918
f 1969 1968 902
f 2107 2128 2118
f 1428 1436 1287
f 1139 1564 1617
f 2378 572 2384
f 853 841 8
f 2501 961 2465
f 1221 1240 1408
f 1069 1578 1627
f 1006 1005 1001
f 1617 1564 1578
f 828 539 550
f 1791 2168 2160
f 1829 1718 1739
f 1968 1939 902
f 756 1718 665
f 1998 2000 1388
f 2451 545 2356
f 178 997 1011
f 1275 325 1270
f 1709 872 1666
f 2176 1959 1847
f 944 943 936
f 2424 518 511
f 1445 1067 962
f 2007 952 1828
f 2052 2061 2081
f 828 2303 539
f 835 1699 1048
f 1709 1706 872
f 885 574 963
f 1318 1296 1320
f 859 867 1902
f 1452 1448 1421
f 943 993 976
f 993 1000 983
f 854 1010 876
f 988 986 962
f 2031 2052 2081
f 924 1732 1828
f 965 949 1060
f 781 228 734
f 1718 1765 665
f 943 976 932
f 1680 1794 1783
f 1448 1471 1276
f 1276 1267 1421
f 1931 914 907
f 991 781 996
f 1276 1421 1448
f 10 909 1396
f 831 860 849
f 1523 1762 1774
f 924 1828 937
f 307 994 1014
f 946 963 901
f 978 2103 977
f 977 1006 1001
f 1007 1161 1639
f 1639 1294 1437
f 885 1032 574
f 1294 1381 1437
f 733 568 797
f 792 229 1112
f 119 581 108
f 843 835 927
f 1889 860 831
f 2211 2216 2204
f 2400 2431 2422
f 2103 1006 977
f 840 1902 830
f 827 840 830
f 827 830 822
f 1003 874 2492
f 1432 1439 1431
f 781 734 964
f 1937 1936 1723
f 918 913 902
f 958 977 944
f 1850 2178 2177
f 1005 1020 1000
f 991 996 307
f 1396 1445 340
f 2179 1763 889
f 939 909 980
f 1828 958 937
f 978 977 958
f 1590 1571 1563
f 779 1949 920
f 1551 1362 1573
f 2103 2142 1006
f 920 885 963
f 946 920 963
f 1584 1616 1583
f 1453 1472 1452
f 1647 1617 1578
f 1578 1564 1627
f 1628 938 1069
f 869 868 859
f 993 983 976
f 912 1762 1775
f 752 751 706
f 1628 1546 938
f 844 228 781
f 840 859 1902
f 898 907 904
f 1025 973 1009
f 663 664 573
f 763 946 901
f 898 904 869
f 2172 889 1763
f 1128 926 971
f 860 848 849
f 904 903 890
f 2486 2459 2479
f 577 782 608
f 933 936 918
f 2177 1847 1851
f 665 1765 339
f 937 958 944
f 894 981 724
f 968 1000 993
f 2192 2195 2205
f 1652 1099 817
f 997 608 1011
f 997 577 608
f 577 163 782
f 1112 998 792
f 2177 1851 1850
f 1257 1421 1258
f 951 873 920
f 822 830 2215
f 1899 2496 2471
f 1773 1668 1558
f 904 914 903
f 932 1671 913
f 873 885 920
f 1013 1617 1647
f 873 1032 885
f 894 862 981
f 2469 855 961
f 913 1671 1969
f 2477 2064 855
f 918 936 913
f 860 870 848
f 937 944 933
f 1501 1013 1647
f 824 178 751
f 824 997 178
f 824 577 997
f 643 163 577
f 863 856 882
f 2128 2153 2134
f 722 774 880
f 722 894 774
f 864 905 895
f 850 575 583
f 914 918 903
f 924 937 933
f 1501 717 1013
f 1587 1324 928
f 717 1512 1013
f 602 577 824
f 766 643 577
f 894 709 862
f 709 878 862
f 976 975 932
f 1324 1596 928
f 880 524 1060
f 2434 2459 2499
f 1324 1613 1596
f 752 824 751
f 602 766 577
f 1014 602 594
f 1387 1226 2152
f 2153 1387 2152
f 669 930 950
f 1710 1694 1699
f 768 326 762
f 582 892 601
f 974 990 2465
f 624 116 625
f 835 795 730
f 2458 2484 763
f 989 602 824
f 2064 2477 1710
f 976 983 975
f 949 722 880
f 996 160 994
f 2305 863 556
f 556 863 886
f 601 910 640
f 2264 825 829
f 989 824 752
f 856 864 882
f 1595 1586 2381
f 1627 1629 1628
f 2174 2180 2173
f 2128 2134 2118
f 137 272 22
f 949 880 1060
f 995 894 722
f 894 995 709
f 894 724 774
f 886 895 892
f 640 910 930
f 871 870 860
f 846 856 863
f 1026 875 1019
f 838 851 829
f 1024 1171 934
f 36 189 205
f 863 882 886
f 886 882 895
f 875 1026 594
f 52 1459 1269
f 896 917 910
f 1025 1009 934
f 949 995 722
f 2152 1226 1636
f 895 896 892
f 892 910 601
f 942 950 930
f 875 989 752
f 594 602 989
f 766 355 643
f 355 260 643
f 905 917 896
f 965 1060 1162
f 892 896 910
f 1101 1052 1042
f 1029 1031 834
f 1101 1133 1118
f 342 357 376
f 516 515 2454
f 1656 2494 2467
f 1056 1303 1133
f 1120 1130 862
f 69 342 376
f 1055 1056 1133
f 499 69 165
f 85 101 111
f 1031 1032 834
f 200 679 1166
f 1031 1042 1032
f 1171 65 934
f 1822 1204 1177
f 1096 956 1103
f 514 96 97
f 956 1145 1144
f 1185 1166 1144
f 1145 1185 1144
f 1185 200 1166
f 375 132 1041
f 1153 1202 305
f 32 1244 1249
f 1096 1087 956
f 554 78 2355
f 1191 138 110
f 65 35 432
f 1087 1110 956
f 1110 1146 956
f 956 1146 1145
f 1146 1156 1145
f 1145 1156 1185
f 950 956 1144
f 2481 2495 948
f 1156 1193 1185
f 1050 1047 1051
f 239 151 107
f 1185 1193 36
f 1747 1110 1087
f 1134 1146 1110
f 1146 1157 1156
f 1156 1157 1193
f 1041 1045 1034
f 1397 1134 1110
f 1157 1146 1134
f 1157 1175 1193
f 1193 199 36
f 1090 1035 1196
f 1456 1150 1051
f 1175 199 1193
f 1186 695 199
f 1186 199 1175
f 1175 1157 1134
f 728 1186 1175
f 197 760 6
f 1130 593 862
f 1167 1109 182
f 1194 1115 1161
f 2140 1928 1504
f 921 922 2138
f 1147 1134 1397
f 1719 1147 1397
f 1147 1175 1134
f 1175 1147 728
f 341 1654 1208
f 754 151 9
f 284 2138 1058
f 1188 1557 1660
f 1191 110 1053
f 916 284 1189
f 284 1058 1189
f 2094 1465 2127
f 1726 1019 1147
f 1147 1019 728
f 593 1130 96
f 239 305 1038
f 1036 1131 315
f 397 1131 1120
f 1053 96 1130
f 2467 2485 1869
f 517 1089 421
f 834 1827 1029
f 419 1047 1117
f 1034 433 1306
f 2239 1862 1730
f 1453 1462 1472
f 1408 1422 1399
f 471 23 1111
f 1205 1150 1456
f 1205 1040 1150
f 1131 1036 293
f 293 1068 1044
f 375 1041 138
f 1205 1140 1046
f 1040 1205 1046
f 1140 1167 1046
f 1104 1049 83
f 1052 1085 1032
f 1044 1068 1191
f 1167 1483 1109
f 208 1084 1035
f 1040 132 375
f 1834 20 3
f 1050 1051 1070
f 1133 1125 1174
f 11 1440 1401
f 420 208 1071
f 1135 1079 1094
f 1086 1101 1118
f 1029 1030 1031
f 1200 1061 294
f 1191 1068 138
f 1171 1141 65
f 1141 1172 65
f 1172 35 65
f 1172 404 35
f 404 99 35
f 221 1104 1063
f 802 398 1083
f 20 1089 3
f 2064 1699 835
f 1042 1052 1032
f 1433 1261 1432
f 1323 2338 155
f 1076 1205 1456
f 1088 1402 1056
f 1150 348 1070
f 1200 1089 20
f 1097 1162 100
f 1032 873 834
f 21 471 1111
f 294 1097 1104
f 1072 100 584
f 1151 760 622
f 132 1045 1041
f 1050 1070 1135
f 1088 1039 940
f 650 159 635
f 100 1170 729
f 729 584 100
f 1103 931 1096
f 925 1443 1513
f 138 1102 110
f 1034 1306 1152
f 1071 1035 1090
f 100 1072 1097
f 23 1158 315
f 1068 375 138
f 1586 1612 1585
f 1819 1030 1029
f 1041 1034 1102
f 232 375 1068
f 348 1079 1070
f 1061 1097 294
f 1513 1443 1442
f 1200 294 1119
f 376 1050 1062
f 1094 1036 315
f 1200 1119 1089
f 1111 1183 21
f 1044 1191 1053
f 698 295 689
f 1079 232 1036
f 404 1117 99
f 1495 1496 717
f 1119 294 98
f 3 1089 517
f 1132 1063 83
f 1132 83 175
f 132 1046 182
f 1111 1195 1183
f 1131 1044 1037
f 127 402 1804
f 219 1272 1047
f 1697 1135 1094
f 2140 1854 2117
f 1111 397 1195
f 1177 1162 1097
f 1061 1177 1097
f 717 1509 714
f 2 1300 433
f 462 290 461
f 98 294 221
f 294 1104 221
f 714 1161 1007
f 1073 1152 1143
f 1697 1094 1360
f 1223 1423 1218
f 836 2479 842
f 1097 1072 1049
f 348 1040 375
f 3 517 316
f 180 1061 1201
f 348 375 232
f 1432 1431 1415
f 220 1513 1495
f 1104 1097 1049
f 306 674 596
f 777 455 723
f 2170 2151 1641
f 1047 419 219
f 1102 1034 1073
f 1073 1034 1152
f 1035 1054 1196
f 1177 1204 1162
f 746 65 12
f 751 178 721
f 1054 517 421
f 1051 1150 1070
f 1102 1073 110
f 998 1136 355
f 567 566 1163
f 1111 315 397
f 1048 1074 835
f 1158 1094 315
f 1374 1107 1252
f 1112 1136 998
f 472 629 500
f 355 1136 260
f 260 118 43
f 1104 83 1063
f 376 357 1050
f 1463 1142 1545
f 1036 232 293
f 1030 1042 1031
f 1079 348 232
f 221 1063 1132
f 1094 1079 1036
f 1076 1629 1205
f 1136 1197 260
f 260 1197 118
f 1204 965 1162
f 293 232 1068
f 1590 1205 1629
f 1205 1590 1140
f 250 382 392
f 1296 1318 1311
f 347 1201 20
f 1201 1200 20
f 132 182 1045
f 1101 1086 1052
f 1033 1039 1055
f 138 1041 1102
f 970 1010 2495
f 455 777 43
f 1992 1948 2023
f 20 1834 347
f 1072 584 1049
f 584 1192 1049
f 182 2 1045
f 1163 324 44
f 1360 1094 1158
f 1450 1360 1158
f 1091 1112 229
f 509 723 455
f 207 509 455
f 1251 1257 1266
f 1488 1489 1547
f 2157 1541 1875
f 305 107 324
f 1045 2 433
f 1070 1079 1135
f 1136 1168 1197
f 1197 359 118
f 118 359 43
f 359 356 43
f 356 455 43
f 356 207 455
f 1240 1422 1408
f 1163 1153 324
f 1201 1061 1200
f 1052 1086 1085
f 1024 1141 1171
f 1112 1105 1136
f 1050 1135 1062
f 1105 1168 1136
f 1168 1178 1197
f 1197 1178 359
f 1173 404 1172
f 465 356 359
f 1174 1125 240
f 1240 1431 1422
f 1098 1113 1105
f 1112 1098 1105
f 1105 1178 1168
f 1178 465 359
f 1091 1098 1112
f 1133 1174 1118
f 98 221 1059
f 487 1132 175
f 980 1017 285
f 465 207 356
f 180 1201 347
f 1060 524 1170
f 445 127 316
f 1431 1438 1422
f 498 469 681
f 940 1807 1759
f 381 250 1290
f 1113 1122 1105
f 1105 1122 1178
f 1151 509 207
f 1236 2035 525
f 1131 293 1044
f 346 207 465
f 346 1151 207
f 1822 1796 1204
f 1143 204 97
f 123 1128 971
f 2153 2152 2134
f 126 1151 346
f 517 445 316
f 1450 1158 23
f 1458 1462 1430
f 1129 152 1182
f 1122 1159 1178
f 1178 1198 465
f 79 346 465
f 126 1155 1151
f 1151 1155 6
f 295 1129 689
f 1073 1143 97
f 1098 1123 1113
f 1113 1123 1122
f 1123 1169 1122
f 1178 1159 1198
f 1198 79 465
f 392 383 152
f 1822 1061 180
f 116 92 625
f 421 1089 1119
f 1129 295 152
f 110 1073 97
f 1173 1172 1141
f 1122 1169 1159
f 79 126 346
f 1155 181 6
f 971 926 1002
f 295 1043 152
f 1039 1088 1056
f 1428 1266 1436
f 404 419 1117
f 836 879 2479
f 2464 2476 2458
f 1198 317 79
f 1124 939 301
f 44 754 567
f 1039 1056 1055
f 1439 1459 1458
f 1660 1412 986
f 1169 1160 1159
f 179 1155 126
f 1155 131 181
f 1061 1822 1177
f 1153 305 324
f 175 314 327
f 1160 1187 1159
f 1159 1187 1198
f 1198 1187 317
f 79 179 126
f 1043 250 392
f 152 1043 392
f 96 819 593
f 1123 1127 1169
f 317 179 79
f 1057 1155 179
f 1155 391 131
f 131 391 668
f 2381 1586 1585
f 12 69 499
f 262 398 1640
f 2107 2118 2060
f 2130 2094 2002
f 1187 249 317
f 1155 1057 391
f 1290 439 1265
f 305 239 107
f 1127 1160 1169
f 317 473 179
f 473 1057 179
f 83 1192 314
f 1043 1290 250
f 1807 940 1030
f 517 1084 445
f 1057 1164 391
f 2492 2480 2493
f 163 643 43
f 1056 1545 1303
f 1069 1655 1023
f 249 473 317
f 1162 1060 1170
f 1086 1118 1154
f 82 68 16
f 1989 1990 1536
f 1633 1632 1611
f 1487 2372 1305
f 1494 1069 1023
f 1137 1160 1127
f 669 1166 679
f 390 1285 426
f 1955 1972 1971
f 1219 1223 2437
f 1254 1261 1223
f 1319 1545 1056
f 1320 1328 2443
f 1261 1433 1223
f 1219 1254 1223
f 254 222 2428
f 1237 1290 1265
f 1284 1273 1263
f 1277 1291 1301
f 1314 102 1301
f 1280 363 377
f 1313 1353 1514
f 468 451 439
f 1918 1964 1956
f 2026 29 2140
f 1354 381 1279
f 1224 30 1254
f 147 158 173
f 1247 1253 274
f 1271 380 334
f 2043 2072 2042
f 274 300 267
f 1356 1392 211
f 13 240 1142
f 1382 1330 1392
f 1312 1323 155
f 240 1125 1142
f 2358 1573 1362
f 1236 1249 1244
f 1272 219 1348
f 1271 1274 380
f 191 2034 1982
f 1992 2052 1990
f 462 452 689
f 2262 2286 2261
f 183 489 1642
f 2485 2480 1869
f 84 111 1323
f 1190 353 1354
f 446 434 435
f 1336 171 1341
f 2021 430 2059
f 862 878 1120
f 1263 1273 1248
f 1966 1921 2144
f 1312 84 1323
f 240 13 1348
f 1359 1274 1271
f 1392 1330 1247
f 1520 1333 11
f 1368 1253 1247
f 1279 1285 1190
f 2465 990 2489
f 1272 1519 805
f 1369 1272 805
f 1317 95 1344
f 1242 1248 1234
f 1368 242 1363
f 274 1262 1386
f 532 597 1886
f 2117 2026 2140
f 1392 1247 274
f 2162 508 985
f 1964 1469 1965
f 1315 104 1331
f 1392 1356 1382
f 128 1342 1336
f 1285 427 426
f 1219 1224 1254
f 1320 1322 1321
f 1320 1321 1328
f 153 2443 1328
f 1321 153 1328
f 1235 1244 1243
f 1225 1224 1219
f 1359 353 1190
f 1312 1473 1458
f 1336 1342 147
f 305 1333 1038
f 1336 147 171
f 516 31 19
f 2479 2461 842
f 1237 1265 427
f 1263 1278 1284
f 881 1827 834
f 1237 427 1285
f 1299 1312 1458
f 1190 1285 1274
f 1363 286 1253
f 2330 2303 828
f 427 442 426
f 2493 2463 2492
f 1285 380 1274
f 522 18 1225
f 2471 2472 2488
f 2338 154 1321
f 1423 1415 1218
f 1225 18 1224
f 1253 286 1262
f 286 353 1359
f 171 1368 1383
f 1273 54 1234
f 1973 2447 527
f 1322 155 1321
f 1203 1369 1413
f 1307 363 1298
f 1364 1375 1329
f 1329 227 1306
f 296 1298 1343
f 947 2499 1447
f 1203 1047 1272
f 1098 1748 1123
f 1519 1272 1348
f 1277 70 1273
f 1282 1337 1361
f 286 302 353
f 103 104 1315
f 1377 435 434
f 1449 1261 1345
f 926 1310 806
f 1263 1248 1242
f 985 508 597
f 1415 1222 1218
f 88 1325 104
f 170 111 156
f 1384 1282 1361
f 274 1253 1262
f 1371 1317 1344
f 1371 1366 1337
f 1345 1459 1449
f 171 1383 1341
f 2438 1235 1227
f 2134 1582 2118
f 428 1260 1379
f 1336 1341 1325
f 1235 1242 1227
f 1228 1687 2284
f 1854 2140 2016
f 1866 1887 1873
f 1343 1298 1370
f 1384 1361 2440
f 171 242 1368
f 1344 1309 1366
f 1371 1344 1366
f 1280 1377 1293
f 200 1185 205
f 1330 1383 1368
f 1255 1264 1263
f 543 1367 1876
f 1343 1370 1260
f 1293 1326 1370
f 2440 1361 1302
f 1282 1384 2406
f 271 1337 1282
f 170 2338 1323
f 1528 1503 2470
f 515 1347 2453
f 1997 1705 1998
f 2285 1228 2284
f 1229 1250 1228
f 1330 1368 1247
f 1919 1619 2045
f 1344 1364 1335
f 1222 1240 1221
f 1212 858 1741
f 2388 1222 1221
f 1528 2470 2068
f 501 1308 2171
f 1295 1311 1487
f 2116 1619 1655
f 1220 1229 1228
f 8 663 573
f 1343 1260 428
f 1337 1366 1361
f 1298 1280 1293
f 1269 1345 1261
f 1279 381 1290
f 1230 1229 1220
f 1230 1245 1229
f 1245 1250 1229
f 1227 1234 31
f 1302 1361 1350
f 1245 1266 1428
f 1992 2023 2052
f 2482 2471 2475
f 452 462 461
f 271 1282 1275
f 1991 1989 1934
f 1366 1309 1350
f 1344 1335 1309
f 730 699 974
f 1374 1252 1208
f 597 508 1912
f 1363 1253 1368
f 1386 1271 300
f 1211 1218 1222
f 1376 1377 434
f 2399 2437 1211
f 1284 1291 1277
f 1230 1251 1245
f 1251 1266 1245
f 1317 1371 1337
f 1288 1286 1095
f 1095 1286 1352
f 1241 1208 1352
f 1241 1374 1208
f 1284 1278 1291
f 211 1392 267
f 1344 1375 1364
f 929 583 1028
f 1361 1366 1350
f 1115 1294 1639
f 1291 103 1301
f 1220 1231 1230
f 1231 1251 1230
f 1234 1248 1273
f 1255 55 1264
f 1360 1450 1702
f 363 1280 1298
f 1369 1203 1272
f 1415 1240 1222
f 1216 1231 1220
f 1243 1263 1235
f 1375 227 1329
f 1264 1278 1263
f 855 899 961
f 1286 1241 1352
f 2081 2128 2107
f 1223 1433 1423
f 1473 1312 155
f 154 153 1321
f 1377 1376 1293
f 1392 274 267
f 334 300 1271
f 1955 1991 1934
f 1613 1327 1288
f 1327 1286 1288
f 1349 1374 1241
f 2370 2025 2367
f 1315 1331 133
f 434 446 1256
f 1232 1251 1231
f 1243 1244 1255
f 1286 1304 1241
f 1349 1107 1374
f 1359 1271 1386
f 1227 516 2431
f 219 240 1348
f 1270 271 1275
f 1255 1263 1243
f 2026 1926 29
f 1683 2157 1212
f 1326 1293 1376
f 1255 32 55
f 104 1325 1341
f 519 2462 2475
f 2154 2161 2137
f 1376 434 1246
f 1246 434 1256
f 1257 1251 1232
f 1262 1359 1386
f 2195 2192 2186
f 1308 534 1226
f 2026 2117 544
f 1327 1613 1324
f 1327 1326 1286
f 1286 1326 1304
f 104 1341 1331
f 774 524 880
f 837 1517 534
f 1127 1123 1567
f 1279 1237 1285
f 1297 1381 1294
f 1217 1232 1216
f 1142 1519 13
f 1436 1267 1287
f 1324 1372 1327
f 1304 1246 1241
f 1246 1349 1241
f 1246 1373 1349
f 286 1359 1262
f 1382 1383 1330
f 1284 1277 1273
f 489 1998 1799
f 1675 1116 1075
f 106 1317 1337
f 1311 1295 1281
f 1292 1364 1329
f 1335 1364 1292
f 1334 1294 1115
f 1334 1297 1294
f 1300 1381 1297
f 973 842 2461
f 1217 1239 1232
f 1232 1239 1257
f 1258 1267 1436
f 1359 1190 1274
f 1862 1405 1877
f 1372 1339 1327
f 1339 1326 1327
f 1373 1351 1349
f 1276 1311 1281
f 1256 2386 1351
f 2 1109 1300
f 482 1731 520
f 803 1604 2022
f 1223 1218 1211
f 1341 1383 1382
f 1298 1293 1370
f 1190 1354 1279
f 1324 2398 1372
f 1714 1700 2173
f 183 2000 489
f 1701 1666 192
f 1227 1242 1234
f 1332 1289 1310
f 1517 2005 2130
f 1331 1341 1382
f 525 1249 1236
f 23 1268 1450
f 1264 1291 1278
f 1281 1287 1267
f 1295 1305 1287
f 1281 1295 1287
f 1487 1305 1295
f 1605 2097 2058
f 1326 1376 1304
f 1304 1376 1246
f 1316 1919 1984
f 2500 1949 2460
f 1332 1313 1289
f 2189 2181 2177
f 1335 1334 1353
f 1292 1297 1334
f 1428 1250 1245
f 969 958 952
f 1217 1233 1239
f 1233 1257 1239
f 1876 1367 1338
f 1379 1260 1372
f 1372 1260 1339
f 1128 1302 1310
f 1310 1302 1332
f 1335 1353 1313
f 1292 1334 1335
f 1297 1329 1300
f 1279 1290 1237
f 1301 103 1314
f 70 1301 102
f 23 1333 1268
f 380 1285 390
f 772 325 1275
f 1314 103 1315
f 2473 2458 2487
f 1276 1281 1267
f 1344 95 1375
f 2053 1771 1572
f 1246 1256 1373
f 1373 1256 1351
f 1340 1302 1128
f 1350 1313 1332
f 1329 1297 1292
f 2434 2473 2487
f 106 1337 271
f 23 471 1333
f 622 723 509
f 1388 1517 2127
f 1991 1990 1989
f 183 1636 1226
f 2133 1605 2151
f 1260 1370 1339
f 1339 1370 1326
f 867 1894 1902
f 390 426 412
f 1235 1263 1242
f 1399 1422 1233
f 305 11 1333
f 1300 1329 1306
f 1302 1350 1332
f 1350 1309 1313
f 1309 1335 1313
f 2470 2102 1502
f 1787 1531 1599
f 1724 1725 1691
f 1827 1601 1927
f 1678 1358 1476
f 1823 1812 1846
f 1805 1824 1708
f 1746 1676 1797
f 325 2395 429
f 1835 1677 1826
f 1507 1790 1722
f 1526 1672 858
f 158 147 1342
f 1462 1473 1322
f 1474 1414 1565
f 1761 1900 1877
f 940 1759 1008
f 1565 1015 1008
f 1924 1533 1933
f 1878 826 830
f 1565 1414 1015
f 1402 1088 1008
f 1538 1532 1651
f 1015 1552 1008
f 1538 1591 1474
f 1532 1538 1474
f 1474 1591 1414
f 1484 1402 1008
f 1552 1484 1008
f 1414 1460 1015
f 1015 1460 1552
f 806 1289 945
f 1597 1538 1659
f 1484 1319 1402
f 1056 1402 1319
f 1538 1597 1591
f 1591 960 1414
f 1414 960 1460
f 1925 1466 1455
f 1552 1400 1484
f 1484 1400 1319
f 1400 113 1319
f 1597 1580 1591
f 1460 1400 1552
f 1514 1441 966
f 1597 1659 1409
f 1657 113 1400
f 1460 1657 1400
f 1288 1095 1634
f 1551 1597 1409
f 1580 1598 1591
f 1591 1598 960
f 1536 1990 2031
f 960 1657 1460
f 1809 1746 1797
f 1423 1433 1432
f 2478 1362 1409
f 1463 1545 113
f 1657 1463 113
f 1457 1287 1305
f 1682 1716 1746
f 1434 1761 1885
f 1013 1139 1617
f 2379 1362 2478
f 1420 1597 1551
f 1420 1580 1597
f 1664 1808 1712
f 2256 2250 2231
f 1362 1551 1409
f 2196 2214 2213
f 1691 1725 1777
f 1626 192 1666
f 1534 1574 2058
f 1574 1600 1605
f 1600 1606 1605
f 1606 1641 1605
f 1573 1420 1551
f 1657 1485 1463
f 678 1806 1742
f 1534 1553 1574
f 1574 1575 1600
f 1810 2170 585
f 1623 1641 1606
f 1407 1657 960
f 1598 1407 960
f 1485 1142 1463
f 1716 1581 1676
f 1738 1743 1733
f 843 2064 835
f 1539 1575 1574
f 1553 1539 1574
f 1575 1592 1600
f 1592 1624 1606
f 1600 1592 1606
f 1642 585 1641
f 1623 1642 1641
f 1485 164 1142
f 1738 1516 1743
f 1809 1720 1798
f 1533 1535 1534
f 1592 1607 1624
f 1624 1623 1606
f 1163 566 1116
f 1407 1485 1657
f 1432 1449 1439
f 1100 802 2382
f 1743 1516 1722
f 1746 1716 1676
f 1535 1539 1534
f 1534 1539 1553
f 1642 1623 1624
f 1095 1208 1654
f 967 1407 1598
f 1580 967 1598
f 1809 1797 1720
f 1924 1524 1535
f 1533 1924 1535
f 1539 1576 1575
f 1642 216 585
f 1407 1529 1485
f 1485 1529 164
f 1472 1462 1482
f 1415 1431 1240
f 966 1194 714
f 383 1182 152
f 474 2337 446
f 1743 1841 1757
f 1486 1524 1924
f 1535 1525 1539
f 1575 1576 1592
f 1420 967 1580
f 1288 1634 1613
f 459 427 1265
f 1404 2179 1393
f 1404 1403 1800
f 1404 1410 1403
f 1410 1749 1403
f 1349 1351 218
f 1486 1498 1524
f 1535 1524 1525
f 1607 1636 1624
f 183 1642 1624
f 1636 183 1624
f 1107 1349 218
f 1351 845 218
f 164 1519 1142
f 845 413 218
f 1525 1576 1539
f 1576 1582 1592
f 1592 2134 1607
f 2134 1636 1607
f 2147 1491 1401
f 1407 1589 1529
f 1529 1519 164
f 1693 1763 1444
f 1924 1479 1486
f 1592 1582 2134
f 499 165 874
f 2176 1857 1959
f 2327 2368 2326
f 2358 821 953
f 953 821 1573
f 1824 1704 1464
f 1731 1358 1678
f 1394 1410 1404
f 1394 1418 1410
f 1466 1479 1839
f 1486 1479 1498
f 1498 1525 1524
f 1576 2080 1582
f 1785 1684 1898
f 804 398 802
f 804 925 398
f 1447 1562 2358
f 2358 1562 821
f 821 1620 1573
f 1620 1420 1573
f 1420 1556 967
f 1393 1394 1404
f 1525 2080 1576
f 1621 1420 1620
f 1621 1556 1420
f 967 1589 1407
f 1505 5 1357
f 1266 1258 1436
f 1393 1395 1394
f 2176 2175 1848
f 1455 1466 1839
f 1525 1540 2080
f 1582 2080 2118
f 1100 804 802
f 1556 1589 967
f 1589 1082 1529
f 1093 1685 1357
f 1504 1093 1357
f 1425 1418 1394
f 1475 1479 1466
f 1479 1506 1498
f 1789 1784 1730
f 2501 2465 2489
f 1438 1458 1430
f 1462 1458 1473
f 1454 805 1529
f 1082 1454 1529
f 1529 805 1519
f 1425 1394 1395
f 1425 1744 1418
f 1479 1475 1506
f 1540 2060 2080
f 1556 1082 1589
f 1443 945 1511
f 1506 1536 1498
f 1498 1536 1525
f 1525 1536 1540
f 1670 852 1672
f 1998 1388 1389
f 1511 966 1509
f 1509 966 714
f 1442 1443 1496
f 1562 1635 821
f 155 1322 1473
f 1439 1458 1438
f 1426 1425 1395
f 1475 1499 1506
f 1735 1588 1776
f 2422 2454 2421
f 1423 1432 1415
f 1559 2101 2073
f 845 866 413
f 1429 1620 821
f 1620 1429 1621
f 1228 1250 1687
f 1002 945 1443
f 2382 802 1083
f 1859 1411 1395
f 1411 1426 1395
f 1426 1744 1425
f 1590 1437 1483
f 1480 1475 1466
f 1480 1499 1475
f 1510 1733 1743
f 1663 1696 1658
f 1430 1453 1452
f 1452 1472 1471
f 1452 1471 1448
f 1430 1452 1421
f 1430 1421 1422
f 1429 1082 1556
f 1621 1429 1556
f 1351 2386 845
f 1126 1059 487
f 1639 1437 1563
f 1504 1928 1093
f 1499 1536 1506
f 1588 1770 1727
f 1110 1747 1397
f 1776 1588 1531
f 1322 1320 1482
f 1590 1629 1571
f 1730 1877 1838
f 1429 935 1082
f 1082 935 1454
f 804 1443 925
f 1139 1007 1639
f 1925 1480 1466
f 1934 1989 1480
f 1499 1989 1536
f 1727 1526 1531
f 1593 1614 502
f 2455 2431 2400
f 1755 1680 908
f 1563 1571 1564
f 1647 1078 1501
f 2490 1635 1106
f 1496 1511 717
f 2454 2431 516
f 1478 1153 1093
f 1870 1426 1411
f 1426 1723 1744
f 962 986 1412
f 717 1511 1509
f 1825 1704 1824
f 2225 2234 2253
f 1490 1557 1188
f 1635 80 821
f 805 1454 935
f 1186 706 695
f 1194 1161 714
f 1512 1007 1013
f 592 97 204
f 1258 1266 1257
f 82 1333 471
f 1694 1710 1505
f 1643 490 1661
f 1661 490 1114
f 1518 2068 2484
f 1750 1808 1664
f 1656 1635 2490
f 935 1521 805
f 1546 1629 1076
f 1301 70 1277
f 966 1441 1194
f 1148 1825 1824
f 1614 1609 1643
f 1114 1092 1921
f 1770 1739 1670
f 1631 1632 1646
f 821 1016 1429
f 1429 1016 935
f 1632 1095 1654
f 1083 262 688
f 1724 1686 1725
f 1644 490 1643
f 1092 1149 1921
f 3 893 1832
f 988 1640 1188
f 916 1107 284
f 1656 80 1635
f 1016 821 80
f 1016 1521 935
f 1478 1202 1153
f 1401 1928 29
f 1440 1478 1928
f 1849 1700 1865
f 1595 1611 1612
f 1208 198 341
f 1464 1704 1746
f 2143 984 1721
f 1848 1849 1868
f 1662 1114 490
f 1669 1787 1682
f 1656 1618 80
f 198 1208 916
f 1440 1928 1401
f 1521 1369 805
f 1252 1107 916
f 1745 678 1672
f 1703 1779 1721
f 1750 1465 1808
f 1609 1644 1643
f 1092 1114 1662
f 1826 1523 1793
f 2262 2261 2224
f 1696 2166 1767
f 1016 1648 1521
f 1208 1252 916
f 833 688 1067
f 1794 1803 1558
f 28 17 512
f 1750 861 1566
f 1594 1644 1609
f 1644 1645 490
f 490 1645 1662
f 2229 2262 2224
f 1602 861 1760
f 1530 1777 1760
f 872 1706 1673
f 1696 1668 2166
f 1708 1809 1798
f 1581 1716 1814
f 1709 1794 1680
f 1233 1421 1257
f 1724 1476 1686
f 1469 1481 1965
f 1965 1481 1492
f 2073 1549 1559
f 1594 1615 1644
f 1799 1706 1755
f 1725 1686 1837
f 1720 1797 1572
f 1618 2467 2022
f 1618 1579 80
f 1648 1016 80
f 2134 2152 1636
f 1611 1632 1631
f 1761 1434 1470
f 1559 1577 1594
f 1603 1615 1594
f 1615 1645 1644
f 1637 1662 1645
f 1662 1199 1092
f 1199 1149 1092
f 1451 1108 1149
f 665 734 756
f 1865 1700 1714
f 1709 1841 1794
f 1618 2022 1579
f 1648 1413 1369
f 1521 1648 1369
f 1520 11 1401
f 1446 1470 1434
f 1798 1691 1754
f 2063 1544 2073
f 2073 1544 1549
f 1594 1577 1603
f 1615 1637 1645
f 1637 1199 1662
f 1427 1149 1199
f 2167 1108 1451
f 1997 1673 1705
f 1706 1799 1705
f 1841 1709 1757
f 1604 1579 2022
f 1579 707 80
f 80 707 1648
f 1520 1401 1491
f 1649 1520 1491
f 1435 1434 1885
f 1470 1469 1461
f 1481 1508 2024
f 2370 1544 2063
f 1549 1568 1559
f 1559 1568 1577
f 1603 1610 1615
f 1615 1610 1637
f 999 1199 1637
f 1451 1149 1427
f 1137 1825 1148
f 1706 1705 1673
f 1138 1604 2116
f 1138 1579 1604
f 1413 1648 707
f 2360 2024 1508
f 598 1075 1116
f 229 93 1468
f 1839 1479 1684
f 2216 2229 2224
f 1610 1625 1637
f 329 999 1637
f 1199 1017 1427
f 1017 303 1427
f 303 1451 1427
f 1792 1754 1777
f 2309 2391 2301
f 1655 1138 2116
f 1138 707 1579
f 1649 1491 206
f 1406 1885 1398
f 1406 1419 1885
f 1419 1435 1885
f 1434 1435 1446
f 1470 1481 1469
f 1577 1583 1603
f 999 1017 1199
f 81 67 941
f 67 1650 941
f 1259 1815 2164
f 1619 2116 2045
f 1424 707 1138
f 1702 1649 206
f 1687 1406 1398
f 1477 1481 1470
f 1568 1569 1577
f 1577 1569 1583
f 1603 1583 1610
f 1625 329 1637
f 2167 340 273
f 81 273 340
f 81 962 67
f 1547 1619 1488
f 1830 1739 1770
f 938 1424 1138
f 1424 1413 707
f 1527 1649 1702
f 1527 1520 1649
f 1527 1268 1520
f 1250 1406 1687
f 1441 1353 1115
f 1203 1413 1051
f 1250 1419 1406
f 1477 2372 1481
f 1481 2372 1508
f 2449 1560 1568
f 1549 2449 1568
f 1568 1560 1569
f 1569 1584 1583
f 1652 329 1625
f 329 817 999
f 285 1017 999
f 303 10 1451
f 10 2167 1451
f 1412 1650 67
f 1412 1488 1650
f 1547 1023 1619
f 1023 1655 1619
f 1655 938 1138
f 1456 1413 1424
f 1457 1470 1446
f 1457 1477 1470
f 329 1652 817
f 10 340 2167
f 938 1546 1424
f 1546 1456 1424
f 1259 1548 1779
f 2052 2031 1990
f 1440 1202 1478
f 1428 1419 1250
f 1428 1435 1419
f 1428 1446 1435
f 1934 1935 1955
f 1560 1584 1569
f 1610 1638 1625
f 1638 1652 1625
f 817 1077 999
f 1077 285 999
f 980 303 1017
f 962 1412 67
f 1494 1023 1547
f 325 271 1270
f 1443 1511 1496
f 1450 1268 1527
f 1514 1353 1441
f 1287 1446 1428
f 1446 1287 1457
f 1305 2372 1477
f 1992 1990 1991
f 1992 1991 1971
f 1971 1991 1955
f 2449 1549 2418
f 1583 1616 1610
f 1610 1616 1638
f 10 1396 340
f 340 1445 81
f 1445 962 81
f 1790 984 1753
f 984 2148 1753
f 1588 1713 1770
f 969 978 958
f 1741 1779 1703
f 1758 1846 1754
f 1827 1819 1029
f 1818 1530 1712
f 1750 1566 2127
f 2459 2434 2483
f 1798 1720 1771
f 1794 1841 1803
f 216 1755 1810
f 1098 1735 1748
f 1735 1497 1748
f 1502 2102 1601
f 881 1502 1601
f 1455 1839 1744
f 1706 1709 1680
f 1212 1741 1703
f 1788 1969 1671
f 1075 1074 1692
f 951 2500 881
f 2490 2486 2463
f 1748 1497 1781
f 1721 984 1840
f 1815 1259 1741
f 1626 1756 1837
f 975 987 1542
f 2230 2236 2235
f 1772 678 734
f 1542 1671 975
f 1806 1772 1780
f 678 1772 1806
f 2218 2225 2268
f 1828 1732 2007
f 1526 1688 1531
f 1752 1526 1554
f 1844 1818 1712
f 1823 1846 1804
f 1781 1669 1704
f 1721 1779 2143
f 1770 1670 1526
f 1497 1669 1781
f 1098 1713 1735
f 1742 1815 1741
f 1526 858 1875
f 1599 1531 1688
f 1803 1790 1558
f 1703 1721 1683
f 1832 1766 957
f 1542 1679 1671
f 1679 1788 1671
f 1927 1819 1827
f 1718 1745 1739
f 1684 1022 1839
f 1459 1283 1299
f 1022 1410 1418
f 2368 2393 2326
f 1669 1497 1776
f 1875 858 1212
f 1739 1745 852
f 1964 1918 1461
f 1356 133 1331
f 1765 1829 1468
f 858 1742 1741
f 1006 1674 1021
f 1723 1936 1935
f 1468 1713 1098
f 1724 1678 1476
f 1680 1783 908
f 1731 1543 520
f 1683 1721 1840
f 1467 1679 1542
f 1812 1708 1846
f 1679 1975 1788
f 1713 1830 1770
f 1803 1722 1790
f 2301 2391 2349
f 1713 1588 1735
f 1836 1530 1818
f 1837 1756 861
f 886 571 556
f 1181 1805 1812
f 1706 1680 1755
f 1677 1729 1775
f 1776 1787 1669
f 1526 1670 1672
f 1727 1770 1526
f 987 1467 1542
f 1567 1704 1137
f 1693 1865 1714
f 897 1762 912
f 1135 1697 1062
f 1697 376 1062
f 1543 1731 1678
f 1793 1679 1467
f 1777 1602 1760
f 1846 1798 1754
f 1835 1096 1677
f 1033 1030 940
f 1450 1527 1702
f 1717 376 1697
f 1711 1717 1697
f 1717 165 376
f 1840 984 1790
f 1669 1746 1704
f 1669 1682 1746
f 2301 2349 2308
f 1882 1444 1898
f 1820 1789 1730
f 861 1380 1566
f 2301 2308 2266
f 1771 1543 1691
f 1958 1659 1651
f 1697 1360 1711
f 1711 1737 1717
f 1717 1737 165
f 1790 1753 1558
f 1668 1696 1663
f 1360 1702 1711
f 1702 1707 1711
f 1707 1737 1711
f 1737 1751 165
f 1444 1782 1693
f 1716 1787 1599
f 1744 1839 1022
f 1898 1444 1785
f 206 1707 1702
f 1764 2468 1751
f 316 1844 893
f 893 1844 915
f 1845 1804 1758
f 1380 861 1756
f 1780 670 1021
f 1714 2172 1763
f 1783 1558 1663
f 1750 2127 1465
f 1798 1771 1691
f 1691 1543 1724
f 1872 1910 839
f 1737 2044 1751
f 1751 2044 1764
f 1757 1701 482
f 1725 1602 1777
f 1836 1845 1530
f 2102 2470 1503
f 2496 1899 544
f 763 2484 946
f 987 1719 1467
f 1845 1758 1792
f 1725 1837 1602
f 1872 1866 1873
f 1712 1530 1760
f 489 1799 216
f 1760 861 1750
f 2068 2466 2460
f 1696 2159 2168
f 377 1377 1280
f 1797 1676 1572
f 1581 2053 1572
f 1676 1581 1572
f 1764 2498 2468
f 2468 2498 1994
f 1861 1695 1860
f 2481 2004 2495
f 1826 1677 1523
f 1670 1739 852
f 2234 2269 2253
f 1724 1543 1678
f 1658 2168 1791
f 1397 1747 1719
f 1696 2168 1658
f 979 519 272
f 1774 1975 1679
f 975 1671 932
f 1787 1716 1682
f 1835 1826 1747
f 2501 2469 961
f 1810 908 1791
f 1982 1768 191
f 1137 1704 1825
f 1804 1846 1758
f 2004 2044 1737
f 913 1969 902
f 2498 1795 1801
f 915 1844 1712
f 1689 915 1712
f 1740 1752 1541
f 695 661 199
f 1865 1693 1782
f 1824 1464 1809
f 1829 1765 1718
f 1816 1768 1982
f 1816 1622 1768
f 1622 2165 1681
f 1768 1622 1681
f 670 1772 228
f 1283 1459 52
f 1785 1444 1749
f 1675 1075 1685
f 1567 1781 1704
f 1858 1857 1848
f 1526 1752 1688
f 1791 2160 1810
f 908 1658 1791
f 1813 1773 1558
f 1845 1792 1530
f 69 376 165
f 3 1832 1834
f 1722 1516 1507
f 1801 1821 1994
f 1833 1982 2046
f 1821 1833 2046
f 1833 1816 1982
f 1022 1785 1749
f 2160 2170 1810
f 1147 1719 1726
f 1683 1840 1507
f 1467 1719 1793
f 1795 1802 1801
f 1802 1811 1801
f 1801 1811 1821
f 1690 2165 1622
f 1934 1480 1925
f 229 1468 1091
f 1780 2164 1742
f 1672 1742 858
f 1833 1417 1816
f 1417 1622 1816
f 1831 2165 1690
f 1668 1663 1558
f 1719 1747 1826
f 1760 1750 1664
f 1817 1690 1622
f 1530 1792 1777
f 948 1796 1802
f 1796 1811 1802
f 1515 1817 1622
f 1695 1861 1831
f 1783 1663 1658
f 1749 1410 1022
f 854 1796 948
f 1811 1842 1833
f 1821 1811 1833
f 1833 1842 1417
f 1622 1417 1515
f 127 1804 1845
f 1686 1626 1837
f 1608 1690 1817
f 1523 1775 1762
f 127 1845 1836
f 1812 1805 1708
f 1523 1677 1775
f 1780 1772 670
f 1758 1754 1792
f 1204 1796 854
f 1822 1842 1811
f 1608 1831 1690
f 1822 1811 1796
f 1842 1416 1417
f 1417 1416 1515
f 1515 1608 1817
f 1728 1831 1608
f 908 1783 1658
f 127 1836 316
f 1805 1148 1824
f 852 1745 1672
f 1478 1093 1928
f 1822 1843 1842
f 1843 959 1842
f 1842 959 1416
f 1728 1695 1831
f 1728 1860 1695
f 2346 446 2337
f 1602 1837 861
f 1087 1096 1835
f 1708 1824 1809
f 2004 1737 505
f 1567 1748 1781
f 520 1543 1883
f 1760 1664 1712
f 128 1336 72
f 2053 1883 1543
f 1822 180 1843
f 1786 1608 1515
f 929 2462 519
f 512 2402 506
f 1212 1703 1683
f 1830 1829 1739
f 2053 1543 1771
f 1416 1769 1515
f 1769 1786 1515
f 1786 1728 1608
f 1712 1808 1689
f 1794 1558 1783
f 1497 1735 1776
f 1127 1567 1137
f 1123 1748 1567
f 36 205 1185
f 959 1734 1416
f 1738 1733 1541
f 1774 1762 1974
f 1752 1554 1541
f 1752 1740 1688
f 1526 1875 1554
f 1468 1829 1830
f 1755 908 1810
f 1716 1599 1814
f 1806 1780 1742
f 2308 2349 2340
f 1832 915 1689
f 1713 1468 1830
f 1814 1599 1346
f 1832 1689 1766
f 1022 1684 1785
f 1093 1153 1116
f 1672 678 1742
f 1675 1685 1093
f 1841 1743 1722
f 1814 2053 1581
f 1464 1746 1809
f 2485 2497 2493
f 1416 1734 1769
f 1665 1728 1786
f 1665 1951 1728
f 1951 1860 1728
f 1951 2094 1860
f 1844 1836 1818
f 316 1836 1844
f 1776 1531 1787
f 1719 1826 1793
f 2147 1401 29
f 2111 2121 1548
f 1741 1259 1779
f 1843 347 1834
f 1843 1734 959
f 1766 1769 1734
f 957 1766 1734
f 1766 1786 1769
f 1766 1689 1786
f 1689 1665 1786
f 1754 1691 1777
f 1507 1840 1790
f 1761 1470 1461
f 1523 1679 1793
f 1091 1468 1098
f 1820 1730 1838
f 1843 1834 1734
f 1808 1951 1665
f 1588 1727 1531
f 893 915 1832
f 1523 1774 1679
f 272 2488 710
f 1093 1116 1675
f 2340 2349 2348
f 1832 1734 1834
f 1832 957 1734
f 1951 1808 2094
f 1685 1692 1505
f 1043 295 698
f 2143 1779 2121
f 1689 1808 1665
f 1693 1714 1763
f 1738 2157 1516
f 1114 1921 236
f 1268 1333 1520
f 1149 1108 431
f 508 2144 1912
f 1957 1108 1537
f 431 1108 1957
f 1018 1108 2167
f 1338 1957 1681
f 2163 1957 1338
f 1983 1390 2093
f 30 557 37
f 1714 2173 2172
f 1983 1984 1390
f 1984 2065 1390
f 884 1762 897
f 2065 1984 1214
f 1950 1974 1762
f 884 1950 1762
f 2012 1698 1861
f 1214 2116 803
f 1950 1938 1974
f 1938 1967 1974
f 1900 1761 1461
f 865 1929 884
f 884 1929 1950
f 2062 2071 2042
f 919 1985 1732
f 1593 502 2146
f 1995 1213 2098
f 1522 2476 1651
f 2174 1849 2175
f 1480 1989 1499
f 1929 1938 1950
f 1605 2058 1574
f 2097 1605 2133
f 1912 2014 1886
f 2092 2082 2083
f 206 1930 505
f 2101 2100 2092
f 2073 2101 2092
f 839 1910 865
f 1910 1901 1929
f 865 1910 1929
f 1967 1788 1975
f 2073 2092 2063
f 2101 1593 2100
f 2015 1876 1698
f 1853 1884 2014
f 1831 1698 2165
f 1316 273 81
f 1901 1920 1929
f 1929 1920 1938
f 1920 1968 1967
f 1938 1920 1967
f 1849 2174 1700
f 2173 1700 2174
f 2062 2072 2091
f 803 2467 2059
f 2239 1736 2240
f 1505 1357 1685
f 1358 1686 1476
f 1967 1968 1788
f 1968 1969 1788
f 2065 2110 2156
f 2065 1214 2110
f 2110 1214 503
f 273 2093 1018
f 273 1983 2093
f 532 1886 2155
f 2034 2021 1947
f 216 1810 585
f 1912 543 2014
f 1390 2051 1537
f 1872 1873 1910
f 1984 2045 1214
f 597 1912 1886
f 1593 2146 2100
f 2071 2062 2090
f 2034 2046 1982
f 2034 1947 2046
f 1214 2045 2116
f 1873 1887 1910
f 1887 1901 1910
f 1562 1447 1106
f 2163 431 1957
f 1948 1972 1936
f 1972 1948 1992
f 2014 2015 2013
f 1853 2014 2013
f 1550 1884 1853
f 1947 2468 1994
f 1355 1550 2154
f 1355 1884 1550
f 2081 2108 2128
f 2024 1965 1492
f 2024 2032 1965
f 2116 1604 803
f 1901 1911 1920
f 1939 1968 1920
f 1911 1939 1920
f 872 1626 1666
f 2062 2091 2120
f 1819 1927 1759
f 1021 1674 1780
f 872 1673 1756
f 1550 501 2171
f 1378 1550 2171
f 2146 2162 2145
f 1358 482 192
f 2109 2120 2119
f 1866 1872 2227
f 1391 2012 1860
f 2136 2137 2161
f 2162 1661 236
f 1887 1894 1901
f 1901 1894 1911
f 505 1707 206
f 2120 2137 2136
f 2142 2164 1674
f 1860 2012 1861
f 1894 1939 1911
f 2080 2060 2118
f 2162 236 508
f 2164 1815 1742
f 1018 2093 1537
f 2154 1378 2161
f 2041 2098 2491
f 2043 2042 2032
f 1108 1018 1537
f 1465 2094 1808
f 502 1643 1661
f 2467 1618 1656
f 2119 2136 2135
f 2119 2108 2071
f 878 1183 1195
f 2101 1594 1593
f 2033 2370 2063
f 2482 2491 2098
f 1282 2406 1275
f 2003 1948 1956
f 2043 2032 2024
f 2025 2043 2024
f 2154 1550 1378
f 1795 2498 1764
f 2142 1548 2164
f 2431 2454 2422
f 1981 2011 1993
f 2349 2391 2362
f 502 2162 2146
f 2025 2024 2360
f 2129 2120 2091
f 1732 1985 2007
f 2171 1308 209
f 1930 1995 2041
f 1390 1238 2051
f 1866 1878 1887
f 1878 1894 1887
f 1965 2032 2011
f 874 2480 2492
f 2071 2108 2069
f 1358 1731 482
f 430 2021 2034
f 1965 2003 1964
f 1855 1889 831
f 1668 1773 2150
f 1390 2156 1238
f 898 869 1903
f 2391 2407 2362
f 2121 2111 2074
f 1548 1259 2164
f 2099 2129 2091
f 1550 1853 501
f 1853 1852 501
f 952 2017 969
f 2085 2121 2074
f 2130 2006 1391
f 2144 1367 543
f 2100 2146 2099
f 1545 1319 113
f 1903 1922 898
f 1922 1931 898
f 585 2170 1641
f 2007 2017 952
f 2017 2074 969
f 1558 1753 1813
f 837 2005 1517
f 2005 2006 2130
f 1532 1474 1528
f 2003 1981 1948
f 2070 2071 2069
f 1922 919 1931
f 2017 2085 2074
f 2085 2104 2121
f 2100 2099 2082
f 2156 2110 2034
f 505 2474 2004
f 1903 871 1922
f 1922 1952 919
f 919 1952 1985
f 1985 2001 2007
f 2001 2036 2017
f 2007 2001 2017
f 2017 2036 2085
f 2036 2047 2085
f 2047 2075 2085
f 2075 2104 2085
f 1948 1993 2023
f 2400 2422 2407
f 2011 2070 1993
f 2033 2043 2025
f 2012 2015 1698
f 1876 1338 2165
f 871 1940 1922
f 1985 1976 2001
f 2121 2104 2143
f 1051 1413 1456
f 2358 1362 2379
f 1859 1789 1870
f 2090 2109 2071
f 1405 1398 1885
f 1886 1884 1355
f 1922 1960 1952
f 1952 1960 1985
f 1960 1976 1985
f 1956 1948 1936
f 2135 209 2128
f 2157 1875 1212
f 2160 2168 2169
f 1900 1461 1918
f 2001 2018 2036
f 2075 2086 2104
f 2111 2142 2103
f 1937 1956 1936
f 2023 2070 2061
f 2135 2128 2108
f 2042 2071 2011
f 2138 413 2383
f 2033 2072 2043
f 1922 1940 1960
f 2070 2069 2061
f 2069 2108 2061
f 2108 2119 2135
f 1855 1904 1889
f 1889 1904 871
f 871 1904 1940
f 1976 2018 2001
f 2036 2018 2047
f 2122 2143 2104
f 216 1642 489
f 2148 984 2143
f 1975 1974 1967
f 2157 1683 1516
f 1614 1593 1594
f 2269 2270 2276
f 1926 2147 29
f 2082 2091 2072
f 430 503 2059
f 1904 1905 1940
f 1940 1961 1960
f 1961 1976 1960
f 2087 2086 2075
f 2065 2156 1390
f 1820 1838 1900
f 534 1308 837
f 2167 273 1018
f 831 1850 1855
f 2019 2037 2018
f 2018 2037 2047
f 2037 2075 2047
f 2086 2095 2104
f 2095 2122 2104
f 2122 2148 2143
f 1926 1213 1995
f 1405 1885 1761
f 2006 2013 2012
f 2211 2233 2216
f 1855 1890 1904
f 1904 1895 1905
f 1905 1932 1940
f 1961 1977 1976
f 1976 1986 2018
f 2484 2476 1518
f 1870 1411 1859
f 1548 2142 2111
f 1904 1890 1895
f 1895 1932 1905
f 1940 1932 1961
f 1976 1977 1986
f 1986 2008 2018
f 2018 2008 2019
f 2087 2075 2037
f 2087 2095 2086
f 2094 1391 1860
f 1852 1853 2006
f 1853 2013 2006
f 929 979 850
f 1855 1874 1890
f 2008 2028 2019
f 1993 2070 2023
f 1705 1799 1998
f 1491 2147 206
f 1851 1856 1855
f 1895 1890 1874
f 2038 2019 2028
f 2038 2048 2037
f 2019 2038 2037
f 2048 2067 2087
f 2037 2048 2087
f 2087 2067 2095
f 2095 2149 2122
f 2149 2148 2122
f 1308 2005 837
f 209 1308 1387
f 1601 2102 1927
f 254 170 201
f 1800 1403 1763
f 1510 1346 1740
f 870 871 1903
f 1919 1650 1619
f 2148 1667 1753
f 1932 1923 1961
f 1977 1953 1986
f 2067 2112 2095
f 2112 2149 2095
f 2148 2149 1667
f 2422 2421 2407
f 1926 2026 1213
f 1912 2144 543
f 2128 1387 2153
f 1733 1510 1740
f 990 853 2489
f 503 1214 803
f 1921 431 2163
f 2146 2145 2129
f 2144 1921 2163
f 1855 1856 1874
f 1895 1923 1932
f 1923 1941 1961
f 1961 1941 1977
f 2048 2076 2067
f 2076 2113 2067
f 2067 2113 2112
f 1723 1900 1937
f 1870 1900 1723
f 1367 2163 1338
f 520 1346 1510
f 1698 1831 1861
f 1984 1919 2045
f 1895 1891 1923
f 2008 1986 2028
f 1948 1981 1993
f 1883 1346 520
f 1883 1814 1346
f 1930 206 2147
f 2499 2486 1447
f 1891 1906 1923
f 1923 1953 1941
f 1953 1977 1941
f 1953 1987 1986
f 2113 2123 2112
f 2123 2149 2112
f 1387 1308 1226
f 1599 1688 1346
f 2093 1390 1537
f 2003 2011 1981
f 1987 2028 1986
f 2038 2049 2048
f 2048 2049 2076
f 1813 1667 2149
f 2123 1813 2149
f 1461 1469 1964
f 1757 1510 1743
f 505 1930 1999
f 2223 1784 1789
f 1532 1522 1651
f 1906 1913 1923
f 1913 1943 1923
f 1943 1942 1923
f 1923 1942 1953
f 1942 1987 1953
f 1308 1852 2005
f 2053 1814 1883
f 1733 1740 1541
f 2154 1886 1355
f 1503 1528 1474
f 1874 1879 1895
f 1895 1879 1891
f 2076 2124 2113
f 2113 2124 2123
f 1896 1891 1879
f 1891 1896 1906
f 1942 1962 1987
f 1962 2009 2028
f 1987 1962 2028
f 2009 2038 2028
f 2109 2119 2071
f 1918 1956 1937
f 1851 1864 1856
f 1896 1897 1906
f 1906 1897 1913
f 1943 1962 1942
f 2049 2077 2076
f 2124 2125 2123
f 1930 2147 1926
f 1902 1894 1878
f 482 1510 1757
f 2129 2137 2120
f 503 803 2059
f 1847 1857 1851
f 1851 1857 1864
f 2039 2038 2009
f 2038 2039 2049
f 2076 2077 2124
f 2150 1813 2123
f 482 520 1510
f 1994 1821 2046
f 2044 2004 1764
f 1864 1867 1856
f 1867 1874 1856
f 1897 1944 1913
f 1943 1944 1962
f 2124 2126 2125
f 2150 2123 2125
f 2099 2146 2129
f 2041 1995 2098
f 1605 1641 2151
f 1847 1959 1857
f 1874 1867 1879
f 1913 1944 1943
f 1944 1963 1962
f 2077 2096 2124
f 2096 2126 2124
f 2126 2150 2125
f 941 1650 1919
f 2135 2136 209
f 1884 1886 2014
f 2049 2029 2077
f 1388 2127 1389
f 1389 2127 1566
f 1930 1926 1995
f 941 1919 1316
f 2110 503 430
f 1867 1880 1879
f 1879 1880 1896
f 1897 1907 1944
f 1963 1978 1962
f 1962 1978 2009
f 2039 2029 2049
f 2077 2078 2096
f 822 823 827
f 2166 1668 2150
f 81 941 1316
f 2204 2216 2203
f 2011 2071 2070
f 1880 1892 1896
f 1892 1907 1897
f 1896 1892 1897
f 1907 1914 1944
f 1978 2010 2009
f 2010 2039 2009
f 1688 1740 1346
f 1789 1820 1870
f 2130 1391 2094
f 1944 1945 1963
f 2029 2078 2077
f 1767 2150 2126
f 1767 2166 2150
f 803 2022 2467
f 1503 1927 2102
f 1914 1954 1944
f 1944 1954 1945
f 1963 1970 1978
f 2078 2105 2096
f 2105 2126 2096
f 1965 2011 2003
f 192 1626 1358
f 2101 1559 1594
f 1930 2041 1999
f 1698 1876 2165
f 1398 1871 891
f 2165 1338 1681
f 1970 2010 1978
f 2010 2030 2029
f 2039 2010 2029
f 2030 2055 2078
f 2029 2030 2078
f 1849 1848 2175
f 1871 1862 891
f 543 2015 2014
f 1857 1858 1864
f 1864 1858 1867
f 1963 1945 1970
f 2055 2088 2078
f 2078 2088 2105
f 2105 2131 2126
f 2126 2131 1767
f 2063 2083 2033
f 2161 2171 209
f 2032 2042 2011
f 1813 2150 1773
f 1914 1908 1954
f 1970 1979 2010
f 2088 2131 2105
f 2015 543 1876
f 1694 1692 1048
f 1395 2207 1859
f 1395 1393 2207
f 1730 1784 1736
f 2500 2466 2470
f 1709 1701 1757
f 1945 1979 1970
f 2030 2050 2055
f 2350 2317 2286
f 2154 2155 1886
f 871 860 1889
f 2161 209 2136
f 2497 2463 2493
f 2190 2204 2203
f 1800 2179 1404
f 2477 2469 1385
f 1385 1715 2477
f 2128 209 1387
f 1858 1868 1867
f 1867 1881 1880
f 1893 1892 1880
f 1881 1893 1880
f 1893 1907 1892
f 1907 1908 1914
f 1954 1979 1945
f 1979 1980 2010
f 2131 2159 1767
f 1765 93 339
f 1761 1877 1405
f 523 1347 515
f 1541 2157 1738
f 2144 2163 1367
f 1380 1389 1566
f 2317 2392 2316
f 1994 2498 1801
f 1867 1868 1881
f 1980 2050 2030
f 2010 1980 2030
f 2050 2089 2055
f 2055 2089 2088
f 2088 2114 2131
f 1538 1651 1659
f 2145 2155 2129
f 2140 29 1928
f 2370 2033 2025
f 2252 2239 2240
f 2239 2252 1862
f 2392 2391 2316
f 2469 2501 1385
f 2477 1715 1710
f 502 1614 1643
f 2438 1227 2431
f 1915 1907 1893
f 1915 1908 1907
f 1954 1908 1979
f 1908 1988 1979
f 1979 1988 1980
f 2114 2159 2131
f 2155 2154 2129
f 508 1966 2144
f 872 1756 1626
f 1710 1715 1505
f 236 1966 508
f 2272 2284 1398
f 2325 2355 2319
f 1548 2121 1779
f 1532 1528 1522
f 1980 2056 2050
f 2050 2056 2089
f 2013 2015 2012
f 1964 2003 1956
f 2006 2012 1391
f 1565 1927 1503
f 2244 2243 2226
f 5 1715 1385
f 1858 1848 1868
f 1915 1946 1908
f 1946 1988 1908
f 1980 2020 2056
f 2115 2159 2114
f 2092 2083 2063
f 1398 2284 1687
f 2162 2155 2145
f 519 2475 2488
f 2158 5 1385
f 5 1505 1715
f 1692 1694 1505
f 1988 2020 1980
f 2115 2169 2159
f 2169 2168 2159
f 2083 2082 2072
f 1316 1984 1983
f 1488 1619 1650
f 2083 2072 2033
f 2361 1210 1233
f 1933 1946 1915
f 2056 2079 2089
f 2088 2115 2114
f 2099 2091 2082
f 2162 532 2155
f 1852 2006 2005
f 2023 2061 2052
f 2176 2184 2175
f 2162 985 532
f 1909 1893 1881
f 1909 1915 1893
f 1988 2040 2020
f 2040 2056 2020
f 2089 2079 2088
f 2088 2079 2115
f 1782 1444 1882
f 1216 1215 2320
f 867 1939 1894
f 867 903 1939
f 1372 2398 1379
f 1863 504 2027
f 2158 1385 504
f 1868 1782 1881
f 1909 1933 1915
f 2040 1988 1946
f 1481 2024 1492
f 2120 2136 2119
f 1522 1528 1518
f 1871 1398 1405
f 1221 1408 1399
f 1357 5 2158
f 2179 1800 1763
f 1868 1865 1782
f 1882 1881 1782
f 1882 1909 1881
f 2040 2057 2056
f 2106 2079 2056
f 2057 2106 2056
f 2106 2132 2079
f 2132 2115 2079
f 2115 2132 2169
f 532 985 597
f 2092 2100 2082
f 1210 1221 1399
f 1399 1233 1210
f 2130 2002 1517
f 1849 1865 1868
f 1933 2040 1946
f 52 1269 30
f 1667 1813 1753
f 1997 1380 1673
f 940 1008 1088
f 1947 1994 2046
f 1882 1916 1909
f 1924 1933 1909
f 1533 2040 1933
f 1533 1534 2040
f 2058 2040 1534
f 2058 2057 2040
f 1238 191 1768
f 1997 1389 1380
f 1875 1541 1554
f 1854 504 1863
f 1854 2158 504
f 2396 1275 2406
f 2426 2443 153
f 1916 1924 1909
f 1925 1935 1934
f 1870 1723 1426
f 2058 2097 2057
f 2097 2106 2057
f 2132 2151 2169
f 2151 2160 2169
f 1106 1635 1562
f 1957 1768 1681
f 1957 2051 1768
f 526 535 33
f 1614 1594 1609
f 2233 2229 2216
f 2496 2027 2084
f 2496 1863 2027
f 2117 1854 1863
f 2016 2158 1854
f 2016 1504 1357
f 2158 2016 1357
f 1114 236 1661
f 2129 2154 2137
f 2133 2106 2097
f 2491 1999 2041
f 2051 1238 1768
f 2061 2108 2081
f 2189 2195 2186
f 2348 2349 2362
f 1701 192 482
f 505 1737 1707
f 2133 2132 2106
f 2132 2133 2151
f 2151 2170 2160
f 502 1661 2162
f 1998 1389 1997
f 2297 2352 2329
f 2352 2364 2329
f 2394 2414 2364
f 2352 2394 2364
f 2402 512 2415
f 2255 2254 2243
f 2446 1365 2456
f 2271 2282 2298
f 846 2283 2264
f 2293 2310 2318
f 2254 2295 2294
f 2283 2290 2278
f 2270 2294 2293
f 2423 2455 2400
f 2281 2287 2267
f 2190 2191 2204
f 2271 2263 2282
f 2334 2329 2364
f 2424 2432 2409
f 2282 2263 2298
f 1409 1659 1958
f 2263 2302 2298
f 2297 2329 2296
f 1256 446 2346
f 1958 2502 2478
f 2437 2399 2444
f 263 2366 2359
f 849 827 823
f 2311 2325 2290
f 2499 2379 2434
f 2446 2456 2423
f 947 2358 2379
f 2499 947 2379
f 2205 2195 2212
f 2245 2237 2227
f 2245 2256 2237
f 2256 2263 2271
f 556 571 2305
f 1528 2068 1518
f 2424 2439 2432
f 2302 2352 2297
f 1866 2237 826
f 2248 2242 2211
f 2334 2364 2363
f 2235 2244 2226
f 2255 2295 2254
f 2329 2324 2296
f 2439 2447 1973
f 2329 2334 2324
f 2409 2432 2414
f 2293 2318 2276
f 866 2425 2416
f 1487 1493 2372
f 2237 2231 2230
f 2415 512 17
f 2035 1236 26
f 921 2138 688
f 2491 2482 2462
f 6 181 197
f 2481 948 1795
f 2138 2383 2382
f 2377 2394 2352
f 2377 506 2394
f 2394 506 2402
f 2401 2402 2415
f 2394 2402 2401
f 2318 2326 2276
f 2439 2457 2432
f 2298 2302 2297
f 2244 2249 2243
f 2404 1100 2382
f 2238 2245 2227
f 2245 2257 2256
f 2257 2263 2256
f 2324 2334 2328
f 2257 2289 2263
f 2289 2302 2263
f 2236 2231 2250
f 2138 2382 688
f 2383 2404 2382
f 1100 2404 2343
f 2353 2352 2302
f 2353 2377 2352
f 2237 2230 2220
f 2335 2355 2325
f 2308 2340 2315
f 2253 2269 2276
f 2311 2335 2325
f 2439 2424 511
f 2268 2267 2248
f 2383 413 2404
f 123 971 832
f 2234 2243 2269
f 2225 2213 2234
f 2219 2213 2225
f 2195 2196 2212
f 1544 2418 1549
f 413 866 2404
f 2404 866 2416
f 2416 2417 2404
f 2404 2417 2343
f 2415 2409 2401
f 2196 2219 2212
f 2268 2248 2218
f 2206 2214 2197
f 2417 2332 2343
f 2343 2332 832
f 2330 2302 2289
f 2330 2353 2302
f 2453 2454 515
f 2218 2248 2217
f 2218 2217 2205
f 2276 2281 2268
f 2178 2197 2177
f 2197 2189 2177
f 2332 2066 832
f 832 2066 123
f 2231 2236 2230
f 669 950 1144
f 2217 2211 2199
f 1216 1209 1217
f 2066 2365 123
f 2230 2226 2214
f 2290 2325 2304
f 2325 2319 2304
f 2217 2248 2211
f 2191 2192 2199
f 510 525 2035
f 2417 1917 2332
f 2332 1917 2066
f 2408 2413 2341
f 2248 2267 2242
f 2326 2333 2281
f 1340 2365 2066
f 2440 1302 1340
f 2226 2230 2235
f 1153 1163 1116
f 2431 2455 2438
f 2416 2425 2417
f 2495 2474 2462
f 2290 2304 2277
f 825 2227 1872
f 151 239 1038
f 9 151 1038
f 545 928 2381
f 2440 2406 1384
f 928 1596 2381
f 2186 2188 2185
f 2456 26 1888
f 2287 2333 2262
f 2425 2342 2417
f 2342 1917 2417
f 1917 877 2066
f 2336 1340 2066
f 2336 2440 1340
f 2328 2351 2327
f 825 2238 2227
f 2351 2368 2327
f 1222 2388 1211
f 678 756 734
f 428 263 1343
f 2188 2191 2190
f 2341 2376 2333
f 2066 877 2336
f 2290 2277 2278
f 739 634 592
f 675 304 14
f 2384 675 14
f 2199 2211 2204
f 2191 2199 2204
f 2322 2318 2310
f 2287 2262 2233
f 2185 2188 2184
f 2386 2425 845
f 2384 572 675
f 1128 123 2365
f 832 971 2343
f 2188 2186 2191
f 2185 2184 2176
f 2345 1917 2342
f 2345 877 1917
f 2336 2406 2440
f 971 1100 2343
f 2299 2289 2257
f 2299 2303 2289
f 2249 2255 2243
f 506 513 512
f 2437 955 1219
f 1587 2398 1324
f 877 2396 2336
f 2336 2396 2406
f 2463 2479 879
f 2376 2412 2350
f 2281 2267 2268
f 2303 2330 2289
f 624 635 159
f 1996 2356 1561
f 2449 2436 1996
f 2356 2054 2451
f 928 2398 1587
f 2333 2350 2262
f 2035 26 2456
f 2346 2342 2425
f 2346 2345 2342
f 1544 2380 2418
f 2412 2392 2350
f 622 509 1151
f 2436 2054 1996
f 545 2451 928
f 2326 2341 2333
f 2346 2425 2386
f 1365 2035 2456
f 2369 2377 2353
f 2369 506 2377
f 2451 900 928
f 900 2398 928
f 1235 1888 1244
f 2337 2345 2346
f 877 772 2396
f 772 1275 2396
f 2432 2446 2414
f 2294 2295 2310
f 2369 2330 828
f 2418 2419 2436
f 2450 2429 2436
f 2436 2429 2054
f 2490 2494 1656
f 1321 155 2338
f 1256 2346 2386
f 2448 877 2345
f 877 2448 772
f 2446 2423 2414
f 2351 2334 2363
f 2243 2254 2269
f 2380 2419 2418
f 2419 2450 2436
f 2283 2278 2264
f 822 2197 823
f 1008 1759 1565
f 2448 2345 2337
f 2270 2293 2276
f 2323 2324 2328
f 2429 1012 2054
f 2226 2243 2213
f 2395 325 772
f 2370 2367 2380
f 2054 2435 2451
f 2435 2397 2451
f 2451 2397 900
f 1774 1974 1975
f 2305 2290 2283
f 846 2305 2283
f 2320 1215 2285
f 2139 2448 2337
f 2448 2395 772
f 1232 1231 1216
f 2272 2285 2284
f 2367 2371 2380
f 2371 2405 2380
f 2380 2405 2419
f 2419 2429 2450
f 2429 176 1012
f 2397 2373 900
f 2373 2398 900
f 2373 1379 2398
f 2372 1500 1508
f 1133 1303 1142
f 2252 2273 2272
f 891 2252 2272
f 2419 2405 2429
f 2405 2430 2429
f 2429 2430 176
f 2189 2186 2181
f 2212 2219 2218
f 2312 2139 2337
f 2139 2384 2448
f 2448 2384 2395
f 899 855 843
f 2272 2273 2285
f 2331 2303 2299
f 176 2435 2054
f 1012 176 2054
f 2177 2185 2176
f 2218 2219 2225
f 1216 1220 1215
f 2378 2139 2312
f 2384 14 2395
f 2324 2295 2255
f 2240 2273 2252
f 2371 2387 2405
f 2410 2430 2405
f 2430 2442 176
f 2435 2344 2397
f 2397 2344 2373
f 2456 1888 2455
f 2242 2267 2233
f 2233 2262 2229
f 2378 2384 2139
f 2323 2310 2295
f 2323 2322 2310
f 2240 2274 2273
f 974 841 990
f 2490 1447 2486
f 2387 2410 2405
f 2442 2141 176
f 2344 1778 2373
f 972 1379 2373
f 1778 972 2373
f 1379 972 428
f 1211 2437 1223
f 1228 1215 1220
f 702 2378 2312
f 17 518 2415
f 1888 26 1244
f 2324 2323 2295
f 2305 2311 2290
f 2307 2285 2273
f 2274 2307 2273
f 2307 2320 2285
f 2369 531 506
f 2435 2258 2344
f 2296 2324 2288
f 1233 1217 2361
f 2360 2371 2367
f 2410 2442 2430
f 176 2141 2258
f 176 2258 2435
f 539 2331 66
f 2350 2392 2317
f 2268 2225 2253
f 1508 1500 2371
f 2360 1508 2371
f 2371 1500 2387
f 972 2366 428
f 1626 1686 1358
f 1759 1807 1819
f 2277 2257 2245
f 2277 2299 2257
f 1784 2228 1736
f 2265 2240 1736
f 2228 2265 1736
f 2265 2274 2240
f 1209 2320 2307
f 2320 1209 1216
f 1555 1584 1560
f 2387 1500 2372
f 2410 2420 2442
f 2433 972 1778
f 2433 2366 972
f 955 522 1225
f 2339 2307 2274
f 2372 1493 2387
f 2411 2420 2410
f 2420 954 2442
f 2442 954 2141
f 2344 2433 1778
f 2205 2212 2218
f 2328 2334 2351
f 2394 2401 2414
f 2250 2256 2271
f 2339 1209 2307
f 2328 2322 2323
f 866 845 2425
f 3 316 893
f 2387 2411 2410
f 2441 2141 954
f 2141 2441 2258
f 2354 2433 2344
f 2254 2294 2270
f 2269 2254 2270
f 863 2305 846
f 2441 2354 2258
f 2258 2354 2344
f 2319 2355 51
f 2223 2228 1784
f 1493 2411 2387
f 1560 2449 1555
f 2288 2324 2255
f 825 2251 2238
f 2251 2245 2238
f 1299 84 1312
f 2246 2265 2228
f 2313 2274 2265
f 2313 2339 2274
f 2251 2277 2245
f 2319 51 2331
f 891 1862 2252
f 2443 954 2420
f 2443 2441 954
f 511 2447 2439
f 2242 2233 2211
f 188 15 814
f 2443 2426 2441
f 2426 2354 2441
f 2306 2403 2433
f 2433 2403 2366
f 539 2303 2331
f 2246 2228 2223
f 1030 1819 1807
f 2354 2306 2433
f 2413 2412 2376
f 2438 2455 1888
f 1848 1857 2176
f 2207 2208 2223
f 2208 2246 2223
f 1209 2339 1217
f 2339 2361 1217
f 1221 1210 2388
f 554 109 78
f 386 1375 95
f 2327 2326 2318
f 2179 2182 1393
f 2182 2208 1393
f 1393 2208 2207
f 2361 2399 2388
f 2388 2399 1211
f 2306 2354 2426
f 2403 2359 2366
f 2214 2226 2213
f 2268 2253 2276
f 889 2200 2179
f 2200 2182 2179
f 2200 2221 2182
f 2221 2208 2182
f 2314 2265 2246
f 2314 2313 2265
f 2339 2374 2361
f 2478 2434 2379
f 2205 2217 2199
f 2208 2259 2246
f 2259 2275 2246
f 2314 2321 2313
f 2313 2347 2339
f 2347 2374 2339
f 2374 2399 2361
f 153 154 2426
f 154 2306 2426
f 2385 2359 2403
f 2221 2259 2208
f 2306 2357 2403
f 2357 2385 2403
f 2237 2256 2231
f 2172 2180 889
f 2180 2200 889
f 2200 2201 2221
f 2246 2291 2314
f 2374 2444 2399
f 571 555 2311
f 2192 2205 2199
f 2173 2180 2172
f 2279 2246 2275
f 2279 2291 2246
f 2292 2314 2291
f 2321 2362 2313
f 2362 2347 2313
f 2347 2389 2374
f 2444 955 2437
f 2292 2291 2279
f 2452 2444 2374
f 2054 2356 1996
f 2338 2306 154
f 2186 2192 2191
f 2193 2201 2200
f 2259 2221 2201
f 2247 2259 2201
f 2452 955 2444
f 2278 2277 2251
f 2338 2357 2306
f 2181 2186 2185
f 2276 2326 2281
f 2432 2457 2446
f 2198 2201 2193
f 2198 2232 2201
f 2232 2247 2201
f 2389 2452 2374
f 2452 1630 955
f 1403 1749 1444
f 1555 1996 1561
f 2357 2427 2385
f 2385 2428 230
f 2409 2415 2424
f 2304 2331 2299
f 2193 2200 2180
f 2445 2452 2389
f 1565 1759 1927
f 2380 1544 2370
f 2338 2427 2357
f 2427 2428 2385
f 230 222 253
f 2202 2198 2193
f 2202 2209 2198
f 2209 2241 2198
f 2241 2232 2198
f 2266 2275 2259
f 2365 1340 1128
f 2415 518 2424
f 2338 170 2427
f 170 2428 2427
f 2181 2185 2177
f 2196 2195 2189
f 2183 2193 2180
f 2453 1630 2452
f 2197 2214 2189
f 2401 2409 2414
f 822 2220 2197
f 1210 2361 2388
f 2187 2193 2183
f 2187 2202 2193
f 2266 2279 2275
f 2279 2300 2292
f 2375 2347 2362
f 2375 2390 2347
f 2390 2389 2347
f 2453 2452 2445
f 1347 1630 2453
f 1630 1347 522
f 2220 2206 2197
f 2262 2350 2286
f 170 254 2428
f 2457 1973 2446
f 1973 1365 2446
f 2174 2183 2180
f 2194 2202 2187
f 2222 2241 2209
f 2222 2260 2241
f 2266 2259 2247
f 2390 2445 2389
f 2264 2251 825
f 2363 2368 2351
f 2326 2393 2341
f 1855 1850 1851
f 2210 2209 2202
f 2210 2222 2209
f 2261 2260 2222
f 2280 2279 2266
f 2280 2300 2279
f 251 263 2359
f 2277 2304 2299
f 2220 2230 2206
f 2202 2194 2210
f 2213 2243 2234
f 2328 2327 2322
f 2294 2310 2293
f 2214 2196 2189
f 2196 2213 2219
f 2224 2222 2210
f 2421 2390 2375
f 2206 2230 2214
f 2194 2203 2210
f 2224 2261 2222
f 2421 2445 2390
f 2322 2327 2318
f 2393 2408 2341
f 1365 1973 510
f 2216 2210 2203
f 2216 2224 2210
f 2266 2308 2280
f 2280 2308 2300
f 2407 2421 2375
f 2175 2183 2174
f 2194 2190 2203
f 2454 2445 2421
f 522 1347 523
f 2456 2455 2423
f 823 2197 2178
f 2281 2333 2287
f 2188 2187 2183
f 2188 2190 2194
f 2187 2188 2194
f 2308 2315 2300
f 2407 2375 2362
f 2443 2420 2503
f 2420 2411 2503
f 2411 1493 2503
f 1493 1487 2503
f 1487 1318 2503
f 1318 1320 2503
f 1320 2443 2503
f 2286 2317 2316
f 2247 2232 2241
f 2247 2241 2260
f 2266 2247 2260
f 2301 2266 2260
f 2286 2316 2309
f 2261 2286 2309
f 2301 2260 2261
f 2261 2309 2301
f 2400 2391 2392
f 2400 2392 2412
f 2423 2400 2412
f 2414 2423 2412
f 2368 2363 2364
f 2414 2412 2413
f 2414 2413 2408
f 2393 2368 2364
f 2393 2364 2414
f 2393 2414 2408
f 2271 2298 2297
f 2250 2271 2297
f 2236 2250 2297
f 2288 2255 2249
f 2288 2249 2244
f 2296 2288 2244
f 2296 2244 2235
f 2297 2296 2235
f 2236 2297 2235
f 2314 2292 2300
f 2314 2300 2315
f 2314 2315 2340
f 2348 2362 2321
f 2348 2321 2314
f 2348 2314 2340
# 5002 faces, 0 coords texture

# End of File
